genome	fastbaps_group	n_contigs	N50	total_len	assembly_level	checkm_completeness	checkm_contamination	seq_tech	strain	isolate
GCA_011290585.1	12	1	1821897	1821897	Complete Genome	99.14	0.03	Illumina GAIIx; Oxford Nanopore GridION	1043	
GCA_041877935.1	5	83	46748	1734106	Scaffold	97.02		Illumina MiSeq	C200904279	
GCA_041878065.1	5	156	22147	1702494	Scaffold	96.58	0.05	Illumina MiSeq	C200902528	
GCA_041901925.1	12	317	10509	1780394	Scaffold	96.56	0.78	Illumina MiSeq	C210701227	
GCA_042863455.1	7	20	250284	1849214	Scaffold	99.12		Illumina MiSeq	C230801223	
GCA_042863475.1	12	24	178243	1802922	Scaffold	99.36	0.35	Illumina MiSeq	C230800827	
GCA_042863555.1	7	22	243736	1851798	Scaffold	99.05	0.26	Illumina MiSeq	C230800636	
GCA_042863575.1	10	28	182142	1796807	Scaffold	99.42		Illumina MiSeq	C230800566	
GCA_042863655.1	10	27	182016	1797633	Scaffold	99.47		Illumina MiSeq	C230700278	
GCA_042863675.1	10	29	159728	1794026	Scaffold	99.47		Illumina MiSeq	C230700175	
GCA_042863745.1	9	19	220735	1799383	Scaffold	99.68		Illumina MiSeq	C230700132	
GCA_042863875.1	9	22	122912	1799754	Scaffold	99.68		Illumina MiSeq	C230600027	
GCA_042863885.1	9	20	220735	1798865	Scaffold	99.68		Illumina MiSeq	C230500377	
GCA_042863945.1	10	28	181918	1796344	Scaffold	99.47		Illumina MiSeq	C221001398	
GCA_042863975.1	2	89	60471	1811699	Scaffold	98.13	0.75	Illumina MiSeq	C221000346	
GCA_042864015.1	3	20	213799	1857433	Scaffold	99.11		Illumina MiSeq	C221000074	
GCA_042864025.1	8	42	108167	1878277	Scaffold	98.61		Illumina MiSeq	C220904060	
GCA_042864035.1	2	16	197653	1813029	Scaffold	99.69	0.35	Illumina MiSeq	C220903870	
GCA_042864075.1	14	24	162970	1739981	Scaffold	97.94	0.4	Illumina MiSeq	C220903843	
GCA_042864115.1	14	22	162886	1739495	Scaffold	97.94	0.4	Illumina MiSeq	C220803809	
GCA_042864145.1	12	22	178244	1801602	Scaffold	99.43	0.35	Illumina MiSeq	C220800246	
GCA_042864155.1	14	19	162886	1740191	Scaffold	97.94	0.4	Illumina MiSeq	C220605453	
GCA_042864165.1	10	27	181431	1796805	Scaffold	99.47		Illumina MiSeq	C220701909	
GCA_042864215.1	10	28	181432	1797040	Scaffold	99.47		Illumina MiSeq	C220604480	
GCA_042864245.1	10	28	182118	1796889	Scaffold	99.47		Illumina MiSeq	C230500136	
GCA_042864265.1	10	27	182334	1795750	Scaffold	99.37		Illumina MiSeq	C230500137	
GCA_042864315.1	2	13	198604	1743833	Scaffold	99.69	0.08	Illumina MiSeq	C230400386	
GCA_042864325.1	12	19	290020	1843283	Scaffold	99.44	0.44	Illumina MiSeq	C230400296	
GCA_042864335.1	10	28	173530	1797621	Scaffold	99.41		Illumina MiSeq	C230400325	
GCA_042864415.1	2	15	197819	1812881	Scaffold	99.69	0.35	Illumina MiSeq	C230300919	
GCA_042864435.1	9	25	122911	1798605	Scaffold	98.58		Illumina MiSeq	C230300785	
GCA_042864455.1	9	21	203798	1765630	Scaffold	98.74		Illumina MiSeq	C230300424	
GCA_042864465.1	14	24	162969	1738727	Scaffold	97.34	0.4	Illumina MiSeq	C230300812	
GCA_042864535.1	2	11	198002	1745324	Scaffold	99.69	0.08	Illumina MiSeq	C230300125	
GCA_042864555.1	13	20	171066	1718857	Scaffold	99.29		Illumina MiSeq	C230300341	
GCA_042864575.1	10	28	173530	1797087	Scaffold	99.41		Illumina MiSeq	C230300342	
GCA_042864595.1	10	27	182117	1797444	Scaffold	99.47		Illumina MiSeq	C230300124	
GCA_042864635.1	10	29	162869	1755827	Scaffold	99.14		Illumina MiSeq	C230200306	
GCA_042864655.1	11	16	257988	1882810	Scaffold	98.08	0.14	Illumina MiSeq	C230200278	
GCA_042864675.1	15	33	97887	1816597	Scaffold	98.77		Illumina MiSeq	C230200377	
GCA_042864695.1	11	15	258306	1724955	Scaffold	99.19		Illumina MiSeq	C230200210	
GCA_042864715.1	10	28	182018	1796461	Scaffold	99.47		Illumina MiSeq	C230200208	
GCA_042864735.1	13	32	124100	1745661	Scaffold	99.25		Illumina MiSeq	C230200220	
GCA_042864755.1	2	16	198133	1814174	Scaffold	99.69	0.35	Illumina MiSeq	C230101216	
GCA_042864775.1	10	26	162869	1756778	Scaffold	99.14		Illumina MiSeq	C230101084	
GCA_042864795.1	11	18	260514	1885379	Scaffold	98.08	0.14	Illumina MiSeq	C230100775	
GCA_042864815.1	10	28	162869	1755954	Scaffold	99.14		Illumina MiSeq	C230100853	
GCA_042864845.1	10	27	162869	1757196	Scaffold	99.14		Illumina MiSeq	C230100804	
GCA_042864875.1	3	14	243382	1819415	Scaffold	98.87		Illumina MiSeq	C230100435	
GCA_042864935.1	6	27	193338	1822014	Scaffold	99.48		Illumina MiSeq	C230100433	
GCA_042867545.1	11	13	258226	1727795	Scaffold	98.54		Illumina MiSeq	C240700075001	
GCA_042867595.1	9	17	222074	1799598	Scaffold	99.46		Illumina MiSeq	C240700078	
GCA_042867645.1	11	12	258226	1729526	Scaffold	98.54		Illumina MiSeq	C240700075002	
GCA_042867785.1	11	16	260513	1924722	Scaffold	98.19	0.08	Illumina MiSeq	C240600273	
GCA_042876035.1	10	27	182018	1798180	Scaffold	99.47		Illumina MiSeq	C230700079	
GCA_042876095.1	2	13	197784	1744524	Scaffold	99.69	0.08	Illumina MiSeq	C230600315	
GCA_042876155.1	9	19	204260	1799358	Scaffold	99.54		Illumina MiSeq	C230700025	
GCA_042876175.1	11	18	257951	1883126	Scaffold	98.08	0.14	Illumina MiSeq	C230600292	
GCA_042876285.1	3	14	243430	1819265	Scaffold	98.87		Illumina MiSeq	C230600131	
GCA_042876325.1	10	31	160717	1796276	Scaffold	99.47		Illumina MiSeq	C230600105	
GCA_042876445.1	10	27	180904	1794526	Scaffold	99.47		Illumina MiSeq	C231200519	
GCA_042876465.1	10	27	160866	1795693	Scaffold	99.47		Illumina MiSeq	C231200529	
GCA_042876485.1	9	28	115798	1829754	Scaffold	99.62		Illumina MiSeq	C231200483	
GCA_042876505.1	9	25	102315	1837332	Scaffold	99.68		Illumina MiSeq	C231200468	
GCA_042876545.1	10	27	181258	1796212	Scaffold	99.47		Illumina MiSeq	C231200367	
GCA_042876565.1	12	17	224194	1788017	Scaffold	98.91		Illumina MiSeq	C231200269	
GCA_042876585.1	2	13	200630	1745598	Scaffold	99.69	0.08	Illumina MiSeq	C231100356	
GCA_042876595.1	9	19	203748	1797926	Scaffold	99.54		Illumina MiSeq	C231200022	
GCA_042876625.1	2	21	194563	1803544	Scaffold	99.69	0.25	Illumina MiSeq	C231200131	
GCA_042876645.1	12	23	229894	1871317	Scaffold	99.44	0.26	Illumina MiSeq	C231100355	
GCA_042876725.1	9	25	102456	1839767	Scaffold	99.68		Illumina MiSeq	C231100348	
GCA_042876745.1	9	23	122912	1799429	Scaffold	99.68		Illumina MiSeq	C231100346	
GCA_042876765.1	2	20	148920	1773822	Scaffold	98.89	0.08	Illumina MiSeq	C231100221	
GCA_042876785.1	3	14	243346	1819574	Scaffold	98.91		Illumina MiSeq	C231000314	
GCA_042876825.1	9	18	138882	1815316	Scaffold	99.59		Illumina MiSeq	C231000040	
GCA_042876845.1	10	29	182118	1796330	Scaffold	99.47		Illumina MiSeq	C231000082	
GCA_042876865.1	12	20	189004	1798156	Scaffold	99.43	0.35	Illumina MiSeq	C231000061	
GCA_042876885.1	12	22	178244	1797851	Scaffold	99.28	0.25	Illumina MiSeq	C231000039	
GCA_042876905.1	15	31	133943	1757860	Scaffold	98.77		Illumina MiSeq	C231000038	
GCA_042876925.1	12	21	166176	1866132	Scaffold	99.53	0.27	Illumina MiSeq	C231000017	
GCA_042876945.1	14	24	148765	1805142	Scaffold	97.78	0.4	Illumina MiSeq	C230900307	
GCA_042876965.1	3	16	243346	1819108	Scaffold	98.91		Illumina MiSeq	C230900323	
GCA_042876985.1	12	18	163087	1788234	Scaffold	98.91		Illumina MiSeq	C230900304	
GCA_042877005.1	3	17	243337	1819109	Scaffold	97.48		Illumina MiSeq	C230900243	
GCA_042877025.1	8	30	134011	1823403	Scaffold	98.31		Illumina MiSeq	C230900230	
GCA_042877065.1	2	14	197274	1744248	Scaffold	99.65	0.08	Illumina MiSeq	C230801236	
GCA_042877085.1	3	14	243346	1819806	Scaffold	98.91		Illumina MiSeq	C230900011	
GCA_042877105.1	12	14	294436	1756618	Scaffold	99.25		Illumina MiSeq	C240600256	
GCA_042877165.1	2	11	250686	1810637	Scaffold	99.69	0.35	Illumina MiSeq	C230700212	
GCA_042877205.1	3	11	243346	1819825	Scaffold	99.08		Illumina MiSeq	C240600198	
GCA_042877225.1	3	17	243346	1819588	Scaffold	98.91		Illumina MiSeq	C240600132	
GCA_042877245.1	11	14	260557	1915397	Scaffold	98.16	0.08	Illumina MiSeq	C240600094	
GCA_042877265.1	12	18	269664	1839222	Scaffold	98.85		Illumina MiSeq	C240600179	
GCA_042877285.1	3	14	243345	1861996	Scaffold	98.94		Illumina MiSeq	C240600042	
GCA_042877305.1	6	25	193849	1824159	Scaffold	99.48		Illumina MiSeq	C240600037	
GCA_042877325.1	6	34	175724	1854800	Scaffold	99.03		Illumina MiSeq	C240500368	
GCA_042877345.1	12	31	197056	1910801	Scaffold	99.62	0.1	Illumina MiSeq	C240500200	
GCA_042877365.1	6	33	170614	1821820	Scaffold	99.46		Illumina MiSeq	C240500335	
GCA_042877385.1	3	12	243346	1819353	Scaffold	99.08		Illumina MiSeq	C240500184	
GCA_042877405.1	9	20	139070	1815347	Scaffold	99.5		Illumina MiSeq	C240500319	
GCA_042877425.1	12	31	124410	1880471	Scaffold	99.43	0.35	Illumina MiSeq	C240500152	
GCA_042877465.1	12	23	221419	1948391	Scaffold	99.58	0.1	Illumina MiSeq	C240500068	
GCA_042877485.1	12	23	223098	1949603	Scaffold	99.58	0.1	Illumina MiSeq	C240500069	
GCA_042877505.1	2	13	198429	1744807	Scaffold	99.69	0.08	Illumina MiSeq	C240500063	
GCA_042877525.1	3	11	243346	1818915	Scaffold	99.08		Illumina MiSeq	C240400304	
GCA_042877545.1	3	23	233412	1847452	Scaffold	98.9		Illumina MiSeq	C240500032	
GCA_042877565.1	2	13	197601	1808220	Scaffold	99.69	0.35	Illumina MiSeq	C240400201	
GCA_042877585.1	3	14	243346	1819451	Scaffold	98.91		Illumina MiSeq	C240400249	
GCA_042877605.1	12	35	112688	1899273	Scaffold	98.91	0.26	Illumina MiSeq	C240400223	
GCA_042877625.1	2	13	198422	1808220	Scaffold	99.69	0.35	Illumina MiSeq	C240400196	
GCA_042877685.1	9	19	220507	1797887	Scaffold	99.68		Illumina MiSeq	C240400166	
GCA_042877765.1	1	25	163323	1779578	Scaffold	99.47		Illumina MiSeq	C240400147	
GCA_042877785.1	9	19	220507	1797823	Scaffold	99.68		Illumina MiSeq	C240400085	
GCA_042877805.1	14	22	162838	1739190	Scaffold	97.94	0.4	Illumina MiSeq	C240400090	
GCA_042877825.1	9	22	203798	1798566	Scaffold	99.68		Illumina MiSeq	C240400027	
GCA_042877865.1	3	14	243346	1820367	Scaffold	98.91		Illumina MiSeq	C240400022	
GCA_042877875.1	3	15	243346	1818152	Scaffold	99.08		Illumina MiSeq	C240400023	
GCA_042877925.1	6	28	170509	1822063	Scaffold	99.37		Illumina MiSeq	C240300293	
GCA_042877945.1	9	25	102098	1838927	Scaffold	99.68		Illumina MiSeq	C240300364	
GCA_042877965.1	9	25	122999	1798896	Scaffold	99.68		Illumina MiSeq	C240300332	
GCA_042878045.1	9	22	203800	1799765	Scaffold	99.68		Illumina MiSeq	C240300194	
GCA_042878075.1	12	18	289262	1842218	Scaffold	99.34	0.4	Illumina MiSeq	C240300216	
GCA_042878125.1	12	25	178176	1802287	Scaffold	99.43	0.35	Illumina MiSeq	C240300192	
GCA_042878145.1	9	19	220555	1798199	Scaffold	99.68		Illumina MiSeq	C240300158	
GCA_042878165.1	9	19	220555	1798775	Scaffold	99.68		Illumina MiSeq	C240300168	
GCA_042878245.1	9	25	123142	1839352	Scaffold	99.68		Illumina MiSeq	C240300101	
GCA_042878265.1	9	28	115666	1832463	Scaffold	99.62		Illumina MiSeq	C240300062	
GCA_042878275.1	9	19	203799	1766832	Scaffold	99.68		Illumina MiSeq	C240300029	
GCA_042878305.1	9	23	122999	1800352	Scaffold	99.68		Illumina MiSeq	C240200396	
GCA_042878385.1	14	28	162970	1768021	Scaffold	97.94	0.4	Illumina MiSeq	C240200373	
GCA_042878465.1	5	16	162993	1711107	Scaffold	98.1		Illumina MiSeq	C240200369	
GCA_042878485.1	10	27	162949	1755977	Scaffold	99.47		Illumina MiSeq	C240200372	
GCA_042878505.1	9	22	122912	1800376	Scaffold	99.68		Illumina MiSeq	C240200330	
GCA_042878535.1	9	26	102296	1839164	Scaffold	99.68		Illumina MiSeq	C240200345	
GCA_042878545.1	3	16	243431	1820138	Scaffold	98.83		Illumina MiSeq	C240200293	
GCA_042878565.1	2	14	197650	1808979	Scaffold	99.69	0.35	Illumina MiSeq	C240200249	
GCA_042878755.1	2	12	250686	1810601	Scaffold	99.69	0.35	Illumina MiSeq	C240200192	
GCA_042882725.1	9	24	123042	1838631	Scaffold	99.68		Illumina MiSeq	C240200180	
GCA_042882745.1	9	25	122955	1838327	Scaffold	99.68		Illumina MiSeq	C240200121	
GCA_042882765.1	12	30	162933	1863372	Scaffold	99.52	0.36	Illumina MiSeq	C240200145	
GCA_042882805.1	3	14	243346	1820146	Scaffold	98.91		Illumina MiSeq	C240200108	
GCA_042882825.1	9	25	102296	1839239	Scaffold	99.59		Illumina MiSeq	C240200061	
GCA_042882865.1	12	17	289262	1842338	Scaffold	99.44	0.4	Illumina MiSeq	C240200051	
GCA_042882885.1	5	16	162994	1750060	Scaffold	98.1		Illumina MiSeq	C240200060	
GCA_042882945.1	4	22	297312	1926358	Scaffold	98.94		Illumina MiSeq	C240100441	
GCA_042883005.1	9	23	203798	1839187	Scaffold	99.68		Illumina MiSeq	C240100501	
GCA_042883025.1	11	18	257950	1883388	Scaffold	98.08	0.14	Illumina MiSeq	C240100409	
GCA_042883045.1	6	33	175725	1855867	Scaffold	99.42		Illumina MiSeq	C240100298	
GCA_042883065.1	9	25	102296	1839612	Scaffold	99.68		Illumina MiSeq	C240100305	
GCA_042883125.1	9	33	123194	1866658	Scaffold	99.68		Illumina MiSeq	C240100235	
GCA_042883145.1	10	30	178054	1794528	Scaffold	99.47		Illumina MiSeq	C240100214	
GCA_042883185.1	2	14	195361	1743075	Scaffold	99.69	0.08	Illumina MiSeq	C240100191	
GCA_042883205.1	9	24	123071	1836790	Scaffold	99.68		Illumina MiSeq	C240100128	
GCA_042883225.1	9	27	115798	1830549	Scaffold	99.66		Illumina MiSeq	C240100054	
GCA_042883255.1	14	23	162922	1738104	Scaffold	97.9	0.4	Illumina MiSeq	C240100024	
GCA_054325835.1	10	117	99659	1873423	Scaffold	99.19	0.07	Illumina NextSeq	spy_Y64	
GCA_054326315.1	9	91	123245	1916046	Scaffold	99.68	0.15	Illumina NextSeq	spy_S72	
GCA_054326375.1	9	168	123049	1939534	Scaffold	99.72	0.82	Illumina NextSeq	spy_Y60	
GCA_054326395.1	9	42	123135	1903769	Scaffold	99.59		Illumina NextSeq	spy_Y67	
GCA_054326415.1	10	44	99611	1823984	Scaffold	99.25	0.02	Illumina NextSeq	spy_Y69	
GCA_054326435.1	9	36	101296	1903677	Scaffold	99.72	0.02	Illumina NextSeq	spy_Y70	
GCA_054326455.1	10	129	99659	1880282	Scaffold	98.47	0.02	Illumina NextSeq	spy_Y63	
GCA_054326475.1	9	45	123160	1899155	Scaffold	99.72		Illumina NextSeq	spy_Y68	
GCA_054326495.1	10	132	99646	1876672	Scaffold	99.14		Illumina NextSeq	spy_Y61	
GCA_054326515.1	10	223	98692	1919411	Scaffold	99.25	0.3	Illumina NextSeq	spy_Y65	
GCA_054326535.1	10	131	99659	1878490	Scaffold	99.25	0.04	Illumina NextSeq	spy_Y62	
GCA_054326555.1	10	103	101199	1872511	Scaffold	99.25	0.17	Illumina NextSeq	spy_S73	
GCA_054326575.1	10	138	99659	1884078	Scaffold	98.47	0.1	Illumina NextSeq	spy_Y56	
GCA_054326595.1	10	146	99463	1883234	Scaffold	99.14	0.12	Illumina NextSeq	spy_Y57	
GCA_054326615.1	10	235	99659	1916310	Scaffold	99.15	1.5	Illumina NextSeq	spy_Y58	
GCA_054326635.1	10	103	131016	1772569	Scaffold	98.79	0.28	Illumina NextSeq	spy_Y49	
GCA_054326655.1	10	143	99659	1879755	Scaffold	99.12	0.02	Illumina NextSeq	spy_S71	
GCA_054326675.1	10	81	99659	1867097	Scaffold	99.14		Illumina NextSeq	spy_S75	
GCA_054326695.1	10	188	149068	1859844	Scaffold	99.25	0.44	Illumina NextSeq	spy_S68	
GCA_054326715.1	10	78	99659	1862336	Scaffold	99.25		Illumina NextSeq	spy_S62	
GCA_054326735.1	10	79	99659	1833478	Scaffold	99.25	0.07	Illumina NextSeq	spy_S67	
GCA_054326755.1	10	129	99659	1882334	Scaffold	99.14	0.11	Illumina NextSeq	spy_S74	
GCA_054326775.1	10	134	148502	1839823	Scaffold	99.25	0.49	Illumina NextSeq	spy_S65	
GCA_054326795.1	10	157	99659	1889383	Scaffold	99.12	0.33	Illumina NextSeq	spy_S69	
GCA_054326815.1	10	84	148502	1826406	Scaffold	99.25	1.01	Illumina NextSeq	spy_S61	
GCA_054326835.1	10	135	99659	1880285	Scaffold	99.14	0.78	Illumina NextSeq	spy_S66	
GCA_054330235.1	10	69	99659	1859619	Scaffold	99.14		Illumina NextSeq	spy_S59	
GCA_054330255.1	10	77	99557	1838299	Scaffold	99.14	0.08	Illumina NextSeq	spy_S58	
GCA_054330275.1	9	96	122948	1917720	Scaffold	99.72		Illumina NextSeq	spy_S63	
GCA_054330295.1	10	79	99659	1838702	Scaffold	99.14	0.08	Illumina NextSeq	spy_S64	
GCA_054330315.1	10	141	149068	1844008	Scaffold	99.25	0.1	Illumina NextSeq	spy_S47	
GCA_054330335.1	10	1054	98399	2090900	Scaffold	99.25		Illumina NextSeq	spy_S53	
GCA_054330355.1	9	39	123050	1902836	Scaffold	99.72		Illumina NextSeq	spy_S56	
GCA_054330375.1	10	51	98775	1855547	Scaffold	98.41	0.33	Illumina NextSeq	spy_S55	
GCA_054330395.1	10	66	99557	1835669	Scaffold	99.14	0.08	Illumina NextSeq	spy_S57	
GCA_054330415.1	10	71	148502	1823293	Scaffold	99.25	0.27	Illumina NextSeq	spy_S60	
GCA_054330435.1	9	55	123050	1906647	Scaffold	99.72	0.13	Illumina NextSeq	spy_S50	
GCA_054330455.1	10	709	98141	2034814	Scaffold	99.25	0.13	Illumina NextSeq	spy_S54	
GCA_054330475.1	10	686	98713	2031802	Scaffold	99.25		Illumina NextSeq	spy_S52	
GCA_054330495.1	10	54	99659	1858368	Scaffold	99.25		Illumina NextSeq	spy_S38	
GCA_054330515.1	10	46	99659	1852172	Scaffold	99.25		Illumina NextSeq	spy_S42	
GCA_054330535.1	9	65	101296	1909078	Scaffold	99.71	0.73	Illumina NextSeq	spy_S51	
GCA_054330555.1	10	45	99659	1854686	Scaffold	99.12		Illumina NextSeq	spy_S41	
GCA_054330575.1	10	39	99659	1853465	Scaffold	99.25		Illumina NextSeq	spy_S46	
GCA_054330595.1	10	207	99659	1898227	Scaffold	99.25	0.93	Illumina NextSeq	spy_S45	
GCA_054330615.1	10	42	99611	1854186	Scaffold	99.14		Illumina NextSeq	spy_S35	
GCA_054330635.1	9	38	99814	1900179	Scaffold	99.72		Illumina NextSeq	spy_S34	
GCA_054330655.1	10	47	99659	1852449	Scaffold	99.25		Illumina NextSeq	spy_S44	
GCA_054330675.1	10	48	99659	1855725	Scaffold	99.25		Illumina NextSeq	spy_S37	
GCA_054330715.1	10	51	99659	1857761	Scaffold	99.25		Illumina NextSeq	spy_S40	
GCA_054330735.1	10	46	99596	1855524	Scaffold	99.14	0.17	Illumina NextSeq	spy_S36	
GCA_054330755.1	10	54	99659	1831673	Scaffold	99.14	0.03	Illumina NextSeq	spy_S32	
GCA_054330775.1	10	64	99659	1858795	Scaffold	99.25	0.02	Illumina NextSeq	spy_S31	
GCA_054330795.1	10	41	99659	1828412	Scaffold	99.14	0.17	Illumina NextSeq	spy_S33	
GCA_054330815.1	10	74	183675	1833281	Scaffold	99.25	0.11	Illumina NextSeq	spy_S22	
GCA_054330835.1	10	51	99659	1857582	Scaffold	99.25	0.03	Illumina NextSeq	spy_S30	
GCA_054330855.1	12	68	134769	1779051	Scaffold	99.07		Illumina NextSeq	spy_S27	
GCA_054330875.1	10	58	99659	1859138	Scaffold	99.25		Illumina NextSeq	spy_S29	
GCA_054330895.1	10	48	148501	1819547	Scaffold	99.2	0.02	Illumina NextSeq	spy_S28	
GCA_054330915.1	14	126	113061	1927377	Scaffold	98.44	0.38	Illumina NextSeq	spy_S24	
GCA_054330935.1	10	92	99651	1869834	Scaffold	99.14	0.5	Illumina NextSeq	spy_S23	
GCA_054330955.1	10	66	101302	1829787	Scaffold	99.25	0.07	Illumina NextSeq	spy_S20	
GCA_054330975.1	10	108	99658	1871087	Scaffold	99.25	0.21	Illumina NextSeq	spy_S17	
GCA_054330995.1	10	64	99659	1860671	Scaffold	99.25	0.15	Illumina NextSeq	spy_S21	
GCA_054331015.1	10	52	99742	1831364	Scaffold	99.25		Illumina NextSeq	spy_S19	
GCA_054331035.1	10	87	99659	1868302	Scaffold	99.14	0.72	Illumina NextSeq	spy_S18	
GCA_054331055.1	10	53	99660	1858244	Scaffold	99.14	0.16	Illumina NextSeq	spy_S15	
GCA_054331075.1	10	91	99659	1865057	Scaffold	99.25	0.68	Illumina NextSeq	spy_S16	
GCA_054331095.1	10	47	99651	1857228	Scaffold	99.14		Illumina NextSeq	spy_S06	
GCA_054331115.1	10	86	101302	1835964	Scaffold	99.25		Illumina NextSeq	spy_S09	
GCA_054331135.1	10	63	183706	1856344	Scaffold	99.14	0.03	Illumina NextSeq	spy_S14	
GCA_054331155.1	10	51	99839	1825156	Scaffold	99.25	0.02	Illumina NextSeq	spy_S08	
GCA_054331175.1	10	48	99659	1852408	Scaffold	99.14		Illumina NextSeq	spy_S13	
GCA_054331195.1	10	59	101229	1856891	Scaffold	99.25		Illumina NextSeq	spy_S10	
GCA_054331215.1	10	57	99659	1859801	Scaffold	98.47		Illumina NextSeq	spy_S12	
GCA_054331235.1	10	133	98141	1849402	Scaffold	99.2	0.46	Illumina NextSeq	spy_S11	
GCA_054331255.1	12	95	183690	1906750	Scaffold	98.48	0.49	Illumina NextSeq	spy_S07	
GCA_054331275.1	10	46	99658	1830832	Scaffold	99.25	0.03	Illumina NextSeq	spy_S04	
GCA_054331295.1	10	61	101302	1829020	Scaffold	99.25		Illumina NextSeq	spy_S03	
GCA_054331315.1	10	59	99659	1860521	Scaffold	99.25		Illumina NextSeq	spy_S05	
GCA_054331335.1	10	68	148568	1826660	Scaffold	99.25	0.1	Illumina NextSeq	spy_S02	
GCA_054331355.1	5	41	178065	1778411	Scaffold	98.1	0.1	Illumina NextSeq	spy_S01	
GCA_056467675.1	10	67	81317	1846649	Scaffold	99.25		BGI	SZ201923-M12	
GCA_056467685.1	10	41	99540	1826111	Scaffold	98.97		BGI	TZ33-2017	
GCA_056467785.1	10	47	87709	1824045	Scaffold	99.25		BGI	SZ201921-M12	
GCA_056467795.1	10	41	94855	1816108	Scaffold	99.25		BGI	SZ201918-M12	
GCA_056467905.1	10	38	130259	1812927	Scaffold	99.25		BGI	SZ201908-M12	
GCA_056467955.1	10	67	87709	1849108	Scaffold	99.25		BGI	SZ201907-M12	
GCA_056468085.1	10	43	99659	1849837	Scaffold	99.25		BGI	SY014-2014	
GCA_056468185.1	10	41	99659	1848669	Scaffold	99.25		BGI	STS14-2014	
GCA_056468195.1	10	35	119245	1892080	Scaffold	99.47		BGI	SJS002-2013	
GCA_056468425.1	10	43	99721	1862489	Scaffold	99.42		BGI	MTG3-2012	
GCA_056468435.1	10	34	99613	1839699	Scaffold	99.09		BGI	MTG2-2012	
GCA_056468555.1	10	43	99643	1847397	Scaffold	98.58		BGI	MTG10-2014	
GCA_056468645.1	10	33	99578	1803435	Scaffold	99.08		BGI	MTG005-2013	
GCA_056468665.1	10	58	98189	1850872	Scaffold	99.47		BGI	JN7-M12	
GCA_056468695.1	10	65	97020	1893068	Scaffold	99.47		BGI	JN9-M12	
GCA_056468765.1	10	66	87590	1843305	Scaffold	99.14		BGI	JN78-M12	
GCA_056468845.1	10	67	97020	1891301	Scaffold	99.47		BGI	JN77-M12	
GCA_056468865.1	10	55	83855	1853908	Scaffold	99.47		BGI	JN74-M12	
GCA_056468885.1	10	67	96988	1922384	Scaffold	99.47	0.5	BGI	JN73-M12	
GCA_056468945.1	10	71	97020	1903110	Scaffold	99.47		BGI	JN72-M12	
GCA_056468985.1	10	66	97020	1892692	Scaffold	99.4		BGI	JN69-M12	
GCA_056469025.1	10	62	87709	1836865	Scaffold	98.56		BGI	JN66-M12	
GCA_056469065.1	10	65	97020	1891011	Scaffold	99.47		BGI	JN63-M12	
GCA_056469105.1	10	68	97020	1890954	Scaffold	99.42		BGI	JN52-M12	
GCA_056469125.1	10	67	97020	1889891	Scaffold	99.47		BGI	JN59-M12	
GCA_056469185.1	10	90	101259	1914153	Scaffold	99.47		BGI	JN51-M12	
GCA_056469225.1	10	68	97020	1892068	Scaffold	99.47		BGI	JN47-M12	
GCA_056469265.1	10	63	97020	1889236	Scaffold	99.47		BGI	JN46-M12	
GCA_056469305.1	10	66	97020	1888331	Scaffold	99.47		BGI	JN41-M12	
GCA_056469345.1	10	57	98189	1869188	Scaffold	99.47		BGI	JN38-M12	
GCA_056469385.1	10	64	97020	1891275	Scaffold	99.47		BGI	JN39-M12	
GCA_056469425.1	10	63	111356	1847127	Scaffold	99.42		BGI	JN34-M12	
GCA_056469465.1	10	65	97020	1890002	Scaffold	99.47		BGI	JN31-M12	
GCA_056469505.1	10	56	98189	1868108	Scaffold	99.47		BGI	JN30-M12	
GCA_056469555.1	10	55	98184	1868018	Scaffold	99.47		BGI	JN2-M12	
GCA_056469585.1	10	66	97020	1888379	Scaffold	99.42		BGI	JN28-M12	
GCA_056469605.1	10	54	98189	1869940	Scaffold	99.46		BGI	JN23-M12	
GCA_056469665.1	10	63	97020	1887968	Scaffold	99.47		BGI	JN1-M12	
GCA_056469705.1	10	64	101259	1890793	Scaffold	99.47		BGI	JN14-M12	
GCA_056469725.1	10	65	97020	1891485	Scaffold	99.47		BGI	JN16-M12	
GCA_056469825.1	10	47	98603	1849683	Scaffold	99.25		BGI	HR13-2012	
GCA_056469965.1	10	44	98602	1850022	Scaffold	99.14		BGI	HD7-2012	
GCA_056469985.1	10	47	98566	1844698	Scaffold	99.25		BGI	HD4-2012	
GCA_056470045.1	10	44	98674	1850299	Scaffold	99.14		BGI	HD26-2012	
GCA_056470065.1	10	44	99611	1844432	Scaffold	99.25		BGI	HD23-2012	
GCA_056470085.1	10	42	99659	1848794	Scaffold	99.14		BGI	HD16-2012	
GCA_056470125.1	10	46	99659	1849805	Scaffold	99.25		BGI	HD002-2013	
GCA_056470145.1	10	42	101259	1869888	Scaffold	99.46		BGI	FT3-2012	
GCA_056470165.1	10	34	99659	1819239	Scaffold	99.25		BGI	H04-2012	
GCA_056470185.1	10	43	99659	1849915	Scaffold	99.14		BGI	FT12-2012	
GCA_056470205.1	10	45	99659	1847991	Scaffold	99.15		BGI	FT16-2017	
GCA_056470225.1	10	34	157161	1876353	Scaffold	99.47		BGI	FS3-2011	
GCA_056470265.1	10	38	118881	1892148	Scaffold	99.47		BGI	FS2-2013	
GCA_056470285.1	10	42	83776	1892812	Scaffold	99.47		BGI	FS001-2013	
GCA_056471645.1	10	34	99566	1801890	Scaffold	98.9		BGI	DX14-2017	
GCA_056471665.1	10	47	99659	1848986	Scaffold	99.14		BGI	DX12-2017	
GCA_056471705.1	10	52	98586	1910017	Scaffold	99.47		BGI	DX10-2011	
GCA_056471745.1	10	43	99579	1828055	Scaffold	98.29		BGI	DC20-2011	
GCA_056471785.1	10	32	99568	1804935	Scaffold	99.2		BGI	CY42-2017	
GCA_056471805.1	10	48	87693	1847450	Scaffold	99.14		BGI	DC10-2011	
GCA_056471845.1	10	41	98378	1826442	Scaffold	98.75		BGI	CY28-2017	
GCA_056471865.1	10	41	101318	1854919	Scaffold	98.97		BGI	CY36-2011	
GCA_056471905.1	10	32	130873	1775920	Scaffold	99.25		BGI	CP15-2017	
GCA_056471925.1	10	62	93935	1920927	Scaffold	98.81		BGI	CP8-2011	
GCA_056471945.1	10	40	104793	1843810	Scaffold	98.14		BGI	CD-CP13-2017-M12	
GCA_056471965.1	10	40	98956	1848957	Scaffold	99.14		BGI	BJSY2018XHR057-M12	
GCA_056472045.1	10	45	98659	1845951	Scaffold	99.14		BGI	A1911010-M12	
GCA_056472105.1	10	63	98170	1842676	Scaffold	99.14		BGI	2019XC5-M12	
GCA_056472125.1	10	57	120261	1805238	Scaffold	99.14		BGI	2019XC3-M12	
GCA_056472145.1	10	64	91536	1845396	Scaffold	99.03		BGI	2019TZ9-M12	
GCA_056472165.1	10	65	87709	1844975	Scaffold	99.14		BGI	2019TZ6-M12	
GCA_056472185.1	10	39	99627	1814964	Scaffold	99.06		BGI	2019SY6-M12	
GCA_056472205.1	10	45	94871	1817762	Scaffold	99.25		BGI	2019SY5-M12	
GCA_056472225.1	10	43	94839	1814788	Scaffold	99.06		BGI	2019SY3-M12	
GCA_056472245.1	10	45	85991	1816803	Scaffold	99.25		BGI	2019SY1-M12	
GCA_056472265.1	10	65	87709	1847324	Scaffold	99.25		BGI	2019HLJZZT-M12	
GCA_056472325.1	10	53	120245	1802272	Scaffold	99.14		BGI	2019HD10-M12	
GCA_056472345.1	10	42	94855	1818755	Scaffold	99.25		BGI	2019FS1-M12	
GCA_056472365.1	10	66	120261	1810715	Scaffold	98.92		BGI	2019DX7-M12	
GCA_056472375.1	10	65	98154	1845971	Scaffold	98.92		BGI	2019DX14-M12	
GCA_056472405.1	10	69	87709	1850308	Scaffold	99.21		BGI	2019CY8-M12	
GCA_056472465.1	10	41	99595	1835313	Scaffold	99.21		BGI	2018SY32-M12	
GCA_056472485.1	10	49	98170	1847517	Scaffold	98.58		BGI	2018SY-2-M12	
GCA_056472505.1	10	35	99659	1819460	Scaffold	99.25		BGI	2018SY26-M12	
GCA_056472545.1	10	39	99659	1848732	Scaffold	99.14		BGI	2018SY25-M12	
GCA_056472565.1	10	40	98646	1828086	Scaffold	98.47	0.04	BGI	2018SY23-M12	
GCA_056472585.1	10	34	99659	1819042	Scaffold	99.25		BGI	2018SY-1-M12	
GCA_056472645.1	10	44	99659	1783915	Scaffold	99.14		BGI	2018FT-2-M12	
GCA_056472665.1	10	44	98602	1848432	Scaffold	99.25		BGI	2018CP4-M12	
GCA_056472685.1	10	40	98378	1825542	Scaffold	99.04		BGI	2018F3-23-M12	
GCA_056472705.1	10	35	99659	1819244	Scaffold	99.25		BGI	2018CP2-M12	
GCA_056472745.1	10	33	99563	1804083	Scaffold	98.92		BGI	2018CP-1-M12	
GCA_056472765.1	10	34	99579	1805031	Scaffold	99.03		BGI	2016XC19-M12	
GCA_056472785.1	10	44	98818	1848869	Scaffold	99.25		BGI	2016XC16-M12	
GCA_056472805.1	10	67	87709	1847811	Scaffold	99.25		BGI	2016TZ10-M12	
GCA_056472845.1	10	45	94855	1817469	Scaffold	99.25		BGI	2016MY5-M12	
GCA_056472885.1	10	36	99659	1819444	Scaffold	99.25		BGI	2016HR9-M12	
GCA_056472905.1	10	45	99643	1848145	Scaffold	98.81		BGI	2016FT9-M12	
GCA_056472925.1	10	44	98769	1847670	Scaffold	99.14		BGI	2016FS7-M12	
GCA_056472965.1	10	43	99659	1848985	Scaffold	98.58		BGI	2016CY15-M12	
GCA_056472985.1	10	40	99530	1833631	Scaffold	99.25		BGI	2016CY14-M12	
GCA_056473005.1	10	45	98602	1850119	Scaffold	99.14		BGI	2016CDYQ1-M12	
GCA_056473025.1	10	41	98602	1848313	Scaffold	98.58		BGI	2016CDXC2-M12	
GCA_056473065.1	10	47	98549	1829861	Scaffold	98.47		BGI	2016CDPG1-M12	
GCA_056473105.1	10	46	99659	1863892	Scaffold	99.11		BGI	2016CDMTG1-M12	
GCA_056473145.1	10	37	101259	1869350	Scaffold	99.47		BGI	2016CDFS4-M12	
GCA_056473165.1	10	33	99659	1819634	Scaffold	99.25		BGI	2016CDCY-9-M12	
GCA_056473185.1	10	43	99578	1830953	Scaffold	98.79		BGI	2016CDFS2-M12	
GCA_056473205.1	10	59	99678	1920247	Scaffold	99.47		BGI	2016CDCY1-M12	
GCA_056473225.1	10	44	98602	1849234	Scaffold	99.08		BGI	2015TZ006-M12	
GCA_056473245.1	10	43	99595	1835409	Scaffold	98.58		BGI	2015SY013-M12	
GCA_056473265.1	10	34	130403	1793275	Scaffold	99.14		BGI	2015SY005-M12	
GCA_056473325.1	10	42	99595	1838043	Scaffold	99.25		BGI	2015SJS01-M12	
GCA_056473345.1	10	48	96919	1825983	Scaffold	99.14		BGI	2015SJS005-M12	
GCA_056473385.1	10	45	99643	1848102	Scaffold	99.14		BGI	2015MY02-M12	
GCA_056473405.1	10	43	122293	1828418	Scaffold	98.92		BGI	2015HD12-M12	
GCA_056473465.1	10	30	99550	1801520	Scaffold	98.87		BGI	2015FT-02-M12	
GCA_056473485.1	10	34	164304	1892944	Scaffold	99.47		BGI	2015DX-18-M12	
GCA_056473505.1	10	38	119245	1885926	Scaffold	99.47		BGI	2015DX-17-M12	
GCA_056473525.1	10	43	99521	1831537	Scaffold	99.01		BGI	2015DX-10-M12	
GCA_056473545.1	10	43	99627	1840755	Scaffold	99.14		BGI	2015DX-09-M12	
GCA_056473565.1	10	44	98602	1849478	Scaffold	99.14		BGI	2015DX08-M12	
GCA_056473585.1	10	43	98602	1849298	Scaffold	99.25		BGI	2015DX001-M12	
GCA_056473605.1	10	48	93868	1836438	Scaffold	99.25		BGI	2015DC-001-M12	
GCA_056473625.1	10	46	98602	1848851	Scaffold	99.25		BGI	2015DC-08-M12	
GCA_056475185.1	10	33	130856	1810405	Scaffold	99.25		BGI	2015DX007-M12	
GCA_056475205.1	10	34	99659	1819253	Scaffold	99.25		BGI	2015DX005-M12	
GCA_056475225.1	10	38	99611	1859778	Scaffold	99.2		BGI	2015CY026-M12	
GCA_056475245.1	10	34	99659	1819183	Scaffold	99.25		BGI	2015DK004-M12	
GCA_056475285.1	10	42	98680	1849653	Scaffold	99.25		BGI	2015CY024-M12	
GCA_056475345.1	10	33	99659	1823706	Scaffold	99.25		BGI	2015CY009-M12	
GCA_056475365.1	10	35	99659	1818838	Scaffold	99.25		BGI	2015CP004-M12	
GCA_056475405.1	10	43	94855	1816866	Scaffold	99.25		BGI	2014CYS5-M12	
GCA_056475425.1	10	45	91310	1816251	Scaffold	99.25		BGI	2014CYS2-M12	
GCA_056475445.1	10	42	99595	1839079	Scaffold	99.21		BGI	2014CYAY-15-M12	
GCA_056475485.1	10	43	99579	1832111	Scaffold	99.15		BGI	2014CYAY024-M12	
GCA_056475505.1	10	42	99659	1849371	Scaffold	98.58		BGI	2014CYAY009-M12	
GCA_056475525.1	10	36	99659	1819162	Scaffold	99.25		BGI	2014CYAY004-M12	
GCA_056475565.1	10	44	98602	1848954	Scaffold	99.14		BGI	2014CY49-M12	
GCA_056475605.1	10	44	98674	1849387	Scaffold	98.97		BGI	2014CY43-M12	
GCA_056475645.1	10	40	105049	1836828	Scaffold	99.25		BGI	2014CY40-M12	
GCA_056475665.1	10	66	87693	1844744	Scaffold	99.25		BGI	2014CY33-M12	
GCA_056475705.1	10	45	99659	1849922	Scaffold	98.97		BGI	2014CPAY006-M12	
GCA_056475725.1	10	73	101319	1880811	Scaffold	99.47		BGI	2013SZ46-M12	
GCA_056475745.1	10	44	94871	1816971	Scaffold	99.25		BGI	2013SZ45-M12	
GCA_056475765.1	10	65	81285	1844714	Scaffold	99.22		BGI	2013SZ44-M12	
GCA_056475785.1	10	67	81335	1846172	Scaffold	99.25		BGI	2013SZ43-M12	
GCA_056475805.1	10	68	81335	1844883	Scaffold	99.21		BGI	2013SZ42-M12	
GCA_056475825.1	10	41	94839	1814387	Scaffold	99.25		BGI	2013SZ40-M12	
GCA_056475845.1	10	41	99627	1814501	Scaffold	99.25		BGI	2013SZ39-M12	
GCA_056475865.1	10	75	101319	1880803	Scaffold	99.47		BGI	2013SZ29-M12	
GCA_056475885.1	10	75	101319	1881592	Scaffold	99.47		BGI	2013SZ28-M12	
GCA_056475905.1	10	65	87709	1846422	Scaffold	99.25		BGI	2013SZ24-M12	
GCA_056475925.1	10	71	98189	1878439	Scaffold	99.47		BGI	2013SZ21-M12	
GCA_056475945.1	10	64	87709	1846775	Scaffold	99.25		BGI	2013SZ17-M12	
GCA_056475965.1	10	73	101319	1882999	Scaffold	99.47		BGI	2013SZ16-M12	
GCA_056475985.1	10	70	98189	1887933	Scaffold	99.47		BGI	2013SZ13-M12	
GCA_056476005.1	10	38	120229	1777465	Scaffold	99.25		BGI	2013SZ12-M12	
GCA_056476025.1	10	65	87709	1848256	Scaffold	99.25		BGI	2013SZ10-M12	
GCA_056476045.1	10	46	98836	1850121	Scaffold	99.2		BGI	2013DX8-M12	
GCA_056476085.1	10	47	99643	1848828	Scaffold	99.25		BGI	2013CY023-M12	
GCA_056476125.1	10	36	119245	1892888	Scaffold	99.47		BGI	2013CY015-M12	
GCA_056476145.1	10	55	99630	1879200	Scaffold	99.47		BGI	2013CP011-M12	
GCA_056476165.1	10	46	99643	1991462	Scaffold	99.25		BGI	2013CP007-M12	
GCA_056476185.1	10	60	98792	1904775	Scaffold	99.47		BGI	2013CP003-M12	
GCA_056476225.1	10	44	98491	1849484	Scaffold	99.14		BGI	2012YQ21-M12	
GCA_056476245.1	10	43	81317	1855933	Scaffold	99.25		BGI	2012YQ1-M12	
GCA_056476265.1	10	38	119245	1891803	Scaffold	99.47		BGI	2012XCB24-M12	
GCA_056476285.1	10	36	119213	1887794	Scaffold	99.47		BGI	2012XC8-M12	
GCA_056476305.1	10	38	101259	1891905	Scaffold	99.47		BGI	2012XC3-M12	
GCA_056476405.1	10	50	101287	1880433	Scaffold	99.03		BGI	2012MTG-6-M12	
GCA_056476485.1	10	43	148482	1880526	Scaffold	99.47		BGI	1993BJGAS10	
GCF_000006785.2	9	1	1852433	1852433	Complete Genome	99.53			SF370	
GCF_000007285.1	15	1	1895017	1895017	Complete Genome	99.45			MGAS8232	
GCF_000007425.1	6	1	1900521	1900521	Complete Genome	99.28			MGAS315	
GCF_000009385.1	15	1	1841271	1841271	Complete Genome	99.34			Manfredo	
GCF_000011285.1	6	1	1894275	1894275	Complete Genome	99.2			SSI-1	
GCF_000011665.1	15	1	1899877	1899877	Complete Genome	99.02	0.08		MGAS10394	
GCF_000011765.3	9	1	1838562	1838562	Complete Genome	99.72			MGAS5005	
GCF_000012165.2	3	1	1897578	1897578	Complete Genome	99.02			MGAS6180	
GCF_000013485.1	10	1	1836467	1836467	Complete Genome	97.93			MGAS9429	
GCF_000013505.1	11	1	1928252	1928252	Complete Genome	97.13	0.08		MGAS10270	
GCF_000013545.1	1	1	1937111	1937111	Complete Genome	97.34			MGAS10750	
GCF_000018125.1	14	1	1815785	1815785	Complete Genome	96.13			NZ131; ATCC BAA-1633	
GCF_000146715.1	12	29	1838678	1917082	Scaffold	96.66		454	ATCC 10782	
GCF_000167435.2	14	1	1762765	1762765	Complete Genome	98.67		Illumina MiSeq; Oxford Nanopore MinION	M49 591	
GCF_000230295.1	13	1	1827308	1827308	Complete Genome	99.44			Alab49	
GCF_000250905.1	2	1	1750832	1750832	Complete Genome	99.69	0.08		MGAS15252	
GCF_000250925.1	2	1	1781029	1781029	Complete Genome	99.36	0.08		MGAS1882	
GCF_000275625.1	10	1	1908100	1908100	Complete Genome	99.25		454 GS FLX titanium	HKU QMH11M0907901	
GCF_000290575.1	10	45	99627	1849643	Scaffold	99.25		Illumina HiSeq	BJCYGAS15	
GCF_000290595.1	10	30	119326	1896097	Scaffold	99.43		Illumina HiSeq	HLJGAS12011	
GCF_000307535.1	9	1	1837281	1837281	Complete Genome	99.72			A20	
GCF_000349925.2	9	1	1831128	1831128	Complete Genome	99.72		ABI3730xl, Roche 454, Illumina MiSeq	M1 476	
GCF_000422045.1	13	1	1818351	1818351	Complete Genome	98.42		454; Illumina	HSC5	
GCF_000629625.1	6	8	1116435	1875090	Scaffold	99.16	1.44	Illumina	ABC020060793	
GCF_000629645.1	10	3	1560266	1821795	Scaffold	99.47		Illumina	ABC020054973	
GCF_000629665.1	6	4	1398483	1902745	Scaffold	99.16		Illumina	ABC020052558	
GCF_000629685.1	9	2	1818419	1830053	Scaffold	99.72		Illumina	ABC020052543	
GCF_000629705.1	9	2	1818513	1830147	Scaffold	99.72		Illumina	ABC020052291	
GCF_000629725.1	6	7	1002117	1874309	Scaffold	99.19		Illumina	ABC020048541	
GCF_000629745.1	10	7	964518	1795084	Scaffold	99.47		Illumina	ABC020048184	
GCF_000629765.1	6	7	1013030	1806779	Scaffold	99.16		Illumina	ABC020047959	
GCF_000629785.1	9	2	1823095	1834729	Scaffold	99.72		Illumina	ABC020047925	
GCF_000629805.1	6	6	1064087	1878399	Scaffold	99.16		Illumina	ABC020047395	
GCF_000629825.1	6	2	1891031	1894218	Scaffold	99.28		Illumina	ABC020044412	
GCF_000629845.1	6	4	1304800	1818013	Scaffold	99.16		Illumina	ABC020044010	
GCF_000629865.1	10	6	1004497	1815494	Scaffold	99.47		Illumina	ABC020035427	
GCF_000629885.1	10	4	1257679	1786271	Scaffold	99.36		Illumina	ABC020032183	
GCF_000629905.1	10	8	969461	1817840	Scaffold	99.47	0.2	Illumina	ABC020031898	
GCF_000629925.1	10	3	1729869	1824518	Scaffold	99.14		Illumina	ABC020026946	
GCF_000629945.1	6	2	1896751	1899938	Scaffold	99.28		Illumina	ABC020025676	
GCF_000629965.1	10	5	1006040	1811507	Scaffold	99.41		Illumina	ABC020016937	
GCF_000629985.1	9	2	1826675	1830882	Scaffold	99.55		Illumina	ABC020015294	
GCF_000630005.1	6	2	1890867	1894054	Scaffold	99.28		Illumina	ABC020015292	
GCF_000630025.1	10	6	1061149	1872146	Scaffold	99.47		Illumina	ABC020015285	
GCF_000630045.1	10	4	1518543	1778685	Scaffold	99.47		Illumina	ABC020015277	
GCF_000630065.1	10	6	1292329	1821930	Scaffold	99.47		Illumina	ABC020014690	
GCF_000630085.1	6	2	1892243	1895430	Scaffold	99.28		Illumina	ABC020013551	
GCF_000630105.1	10	2	1539788	1793896	Scaffold	99.47		Illumina	ABC020010041	
GCF_000630125.1	10	8	968086	1816396	Scaffold	99.46	0.2	Illumina	ABC020009156	
GCF_000630145.1	10	6	968208	1805673	Scaffold	99.47		Illumina	ABC020007794	
GCF_000630165.1	10	5	1251210	1793751	Scaffold	99.25		Illumina	ABC020006309	
GCF_000630185.1	6	3	780447	1851790	Scaffold	99.28		Illumina	ABC020006298	
GCF_000630205.1	10	5	1307929	1849589	Scaffold	99.14		Illumina	ABC020005405	
GCF_000630225.1	6	7	1072360	1884106	Scaffold	98.52		Illumina	ABC020004984	
GCF_000630245.1	10	3	1759362	1833037	Scaffold	99.43		Illumina	ABC020058759	
GCF_000630265.1	9	2	1821335	1832999	Scaffold	99.72		Illumina	ABC020056885	
GCF_000630285.1	6	5	1068527	1891411	Scaffold	99.16		Illumina	ABC020054955	
GCF_000630305.1	10	3	1523243	1787752	Scaffold	99.42		Illumina	ABC020054871	
GCF_000630325.1	6	6	1023897	1864461	Scaffold	99.16		Illumina	ABC020052420	
GCF_000630345.1	10	4	1560498	1820773	Scaffold	99.47		Illumina	ABC020052216	
GCF_000630365.1	10	6	1007077	1812768	Scaffold	99.38		Illumina	ABC020052203	
GCF_000630385.1	10	5	969603	1776521	Scaffold	99.22		Illumina	ABC020050731	
GCF_000630405.1	9	2	1818419	1830053	Scaffold	99.72		Illumina	ABC020049250	
GCF_000630425.1	10	7	464476	1754520	Scaffold	99.38		Illumina	ABC020048543	
GCF_000630445.1	6	5	1019521	1874738	Scaffold	99.16		Illumina	ABC020048395	
GCF_000630465.1	10	8	483516	1778410	Scaffold	99.46		Illumina	ABC020047993	
GCF_000630485.1	9	2	1815403	1832285	Scaffold	99.72		Illumina	ABC020046470	
GCF_000630505.1	10	4	1488989	1828295	Scaffold	99.42		Illumina	ABC020046264	
GCF_000630525.1	6	7	1022917	1827080	Scaffold	99.16		Illumina	ABC020044193	
GCF_000630545.1	6	10	1053821	1906120	Scaffold	98.38		Illumina	ABC020044188	
GCF_000630565.1	9	4	1555899	1835634	Scaffold	99.72		Illumina	ABC020044173	
GCF_000630585.1	10	6	1125571	1796472	Scaffold	99.25	0.73	Illumina	ABC020039391	
GCF_000630605.1	6	3	1591346	1825955	Scaffold	99.16		Illumina	ABC020038558	
GCF_000630625.1	10	4	1214457	1786550	Scaffold	99.46		Illumina	ABC020033799	
GCF_000630645.1	10	8	967941	1811103	Scaffold	99.46	0.2	Illumina	ABC020033193	
GCF_000630665.1	10	8	980385	1860470	Scaffold	99.14	0.2	Illumina	ABC020032523	
GCF_000630685.1	6	6	1343895	1853410	Scaffold	99.28		Illumina	ABC020032182	
GCF_000630705.1	10	2	1733519	1790197	Scaffold	99.47		Illumina	ABC020031290	
GCF_000630725.1	13	3	1485598	1739672	Scaffold	99.33		Illumina	ABC020030925	
GCF_000630745.1	10	3	1751159	1824834	Scaffold	99.47		Illumina	ABC020029793	
GCF_000630765.1	9	2	1833468	1845102	Scaffold	99.72		Illumina	ABC020029711	
GCF_000630785.1	6	7	1062280	1868152	Scaffold	99.16		Illumina	ABC020026799	
GCF_000630805.1	6	3	1355571	1870930	Scaffold	98.33		Illumina	ABC020026287	
GCF_000630825.1	6	5	1015082	1817448	Scaffold	98.52		Illumina	ABC020017526	
GCF_000630845.1	6	5	1137915	1864746	Scaffold	98.19		Illumina	ABC020014925	
GCF_000630865.1	6	7	1059641	1873446	Scaffold	98.39		Illumina	ABC020014897	
GCF_000630885.1	10	5	1291223	1816444	Scaffold	99.47		Illumina	ABC020014529	
GCF_000630905.1	10	5	1005422	1817427	Scaffold	99.43		Illumina	ABC020013952	
GCF_000630925.1	6	7	1061953	1866268	Scaffold	98.52		Illumina	ABC020006103	
GCF_000630945.1	9	2	1813645	1830528	Scaffold	99.59		Illumina	ABC020005887	
GCF_000630965.1	6	2	1891962	1895149	Scaffold	99.19		Illumina	ABC020057192	
GCF_000630985.1	6	9	1070164	1883545	Scaffold	99.16		Illumina	ABC020052497	
GCF_000631005.1	6	5	1321183	1852327	Scaffold	98.41		Illumina	ABC020047619	
GCF_000631025.1	6	6	1061686	1901054	Scaffold	98.52		Illumina	ABC020047076	
GCF_000631045.1	6	2	1891993	1895180	Scaffold	99.19		Illumina	ABC020056898	
GCF_000631065.1	6	2	1894212	1897399	Scaffold	99.19		Illumina	ABC020056891	
GCF_000631085.1	6	7	1022947	1801287	Scaffold	99.16		Illumina	ABC020056060	
GCF_000631105.1	6	7	1017821	1830563	Scaffold	99.16		Illumina	ABC020044203	
GCF_000631125.1	6	6	1015099	1807778	Scaffold	99.16		Illumina	ABC020057449	
GCF_000631145.1	6	19	289478	1863294	Scaffold	99.16		Illumina	ABC020057168	
GCF_000631165.1	6	7	530150	1870620	Scaffold	99.19		Illumina	ABC020052378	
GCF_000631185.1	6	8	1057954	1854744	Scaffold	98.52		Illumina	ABC020043540	
GCF_000631205.1	6	4	1511334	1822778	Scaffold	99.16		Illumina	ABC020033020	
GCF_000631225.1	6	8	1055285	1844873	Scaffold	98.49		Illumina	ABC020030063	
GCF_000631245.1	6	10	1065069	1859016	Scaffold	99.16	0.67	Illumina	ABC020056064	
GCF_000631265.1	6	7	1062484	1900613	Scaffold	99.16		Illumina	ABC020055897	
GCF_000631285.1	6	8	1012702	1820495	Scaffold	99.16	0.07	Illumina	ABC020053240	
GCF_000631305.1	6	7	1017540	1849232	Scaffold	99.16		Illumina	ABC020052519	
GCF_000631325.1	6	2	1065189	1814579	Scaffold	99.16		Illumina	ABC020049540	
GCF_000631345.1	6	3	1221554	1750929	Scaffold	98.52		Illumina	ABC020048885	
GCF_000631365.1	6	8	935423	1730798	Scaffold	98.49		Illumina	ABC020041424	
GCF_000631385.1	9	3	1520687	1800331	Scaffold	99.56		Illumina	ABC020057288	
GCF_000631405.1	9	2	1814332	1831171	Scaffold	99.59		Illumina	ABC020051161	
GCF_000631425.1	9	1	1846773	1846773	Scaffold	99.72		Illumina	ABC020056020	
GCF_000631445.1	10	7	966131	1816688	Scaffold	99.47		Illumina	ABC020039031	
GCF_000631465.1	10	7	961878	1827734	Scaffold	99.14		Illumina	ABC020037542	
GCF_000631485.1	10	4	1442044	1785145	Scaffold	99.47		Illumina	ABC020035446	
GCF_000631505.1	10	5	973395	1806785	Scaffold	99.47		Illumina	ABC020033919	
GCF_000631525.1	10	9	465591	1803260	Scaffold	99.37		Illumina	ABC020032186	
GCF_000631545.1	10	6	965011	1821548	Scaffold	99.47		Illumina	ABC020033233	
GCF_000631565.1	10	3	1677988	1762669	Scaffold	99.47		Illumina	ABC020029706	
GCF_000631585.1	10	6	973358	1801187	Scaffold	99.36		Illumina	ABC020062601	
GCF_000631605.1	10	5	1291148	1819008	Scaffold	99.47		Illumina	ABC020062474	
GCF_000631625.1	10	3	1562853	1823215	Scaffold	99.47		Illumina	ABC020060220	
GCF_000631645.1	10	5	1291412	1820400	Scaffold	99.47		Illumina	ABC020056794	
GCF_000631665.1	10	4	1524843	1786787	Scaffold	99.47		Illumina	ABC020048262	
GCF_000631685.1	10	6	1005633	1811115	Scaffold	99.47		Illumina	ABC020046534	
GCF_000631705.1	10	3	1764954	1838629	Scaffold	99.43		Illumina	ABC020046559	
GCF_000631725.1	10	8	994577	1898382	Scaffold	99.35	0.53	Illumina	ABC020046158	
GCF_000631745.1	10	6	1449290	1828387	Scaffold	99.47		Illumina	ABC020064181	
GCF_000631765.1	10	6	1004471	1813641	Scaffold	99.47		Illumina	ABC020054184	
GCF_000631785.1	10	6	1016083	1843092	Scaffold	99.41		Illumina	ABC020053060	
GCF_000631805.1	10	5	1249497	1776724	Scaffold	99.44		Illumina	ABC020040643	
GCF_000631825.1	10	5	1003858	1829924	Scaffold	99.47		Illumina	ABC020038544	
GCF_000631845.1	10	4	1253906	1800465	Scaffold	99.47	1.33	Illumina	ABC020060777	
GCF_000631865.1	10	9	1004004	1774590	Scaffold	99.39	3.11	Illumina	ABC020056894	
GCF_000631885.1	10	6	1004086	1823256	Scaffold	99.47		Illumina	ABC020056884	
GCF_000631905.1	10	6	1005614	1811771	Scaffold	99.47		Illumina	ABC020047635	
GCF_000631925.1	10	3	1564807	1807838	Scaffold	98.81		Illumina	ABC020047506	
GCF_000631945.1	10	5	1250708	1790174	Scaffold	99.47		Illumina	ABC020047086	
GCF_000685485.1	9	39	119012	1793962	Scaffold	99.72	0.1	Illumina GAII	Lacen1	
GCF_000685505.1	9	100	49075	1762823	Scaffold	99.72	0.25	Illumina GAII	Lacen2	
GCF_000685525.1	15	98	102375	1815423	Scaffold	99.34	0.08	Illumina GAII	Lacen5	
GCF_000685545.1	9	50	93866	1795205	Scaffold	99.66	0.1	Illumina GAII	Lacen4	
GCF_000685565.1	9	72	55478	1794996	Scaffold	99.06	0.1	Illumina GAII	Lacen3	
GCF_000732345.1	13	1	1709442	1709442	Chromosome	98.63		Illumina	STAB1102	
GCF_000732425.1	6	1	1892124	1892124	Complete Genome	99.28		Illumina; PCR+Sanger	STAB902	
GCF_000743015.1	13	1	1844804	1844804	Complete Genome	98.75		Illumina; 454	ATCC 19615	
GCF_000756485.1	12	1	1846477	1846477	Complete Genome	99.03		454; Illumina	M23ND	
GCF_000767505.1	13	1	1709790	1709790	Complete Genome	97.96		Illumina	7F7	
GCF_000772185.1	10	1	1944537	1944537	Complete Genome	99.47		PacBio	HKU360	
GCF_000772245.1	12	1	1796152	1796152	Complete Genome	99.26		Illumina	1E1	
GCF_000993765.1	9	1	1908294	1908294	Complete Genome	99.57		Illumina MiSeq	AP1	
GCF_001014285.1	15	1	1811968	1811968	Complete Genome	99.29	0.08	454; Illumina	JRS4	
GCF_001014305.1	15	1	1811968	1811968	Complete Genome	99.29	0.08	Illumina	D471	
GCF_001019635.1	12	1	1915554	1915554	Complete Genome	99.28		PacBio	NGAS743	
GCF_001019675.1	12	1	1791306	1791306	Complete Genome	98.91		PacBio	NGAS596	
GCF_001019695.1	13	1	1702054	1702054	Complete Genome	98.58		PacBio	NGAS327	
GCF_001020185.2	3	1	1896976	1896976	Complete Genome	98.94		Illumina	M28PF1	
GCF_001021955.1	9	1	1829516	1829516	Complete Genome	99.72		Illumina HiSeq 2000	5448	
GCF_001023495.1	3	1	1950454	1950454	Complete Genome	98.94		Illumina	STAB10015	
GCF_001039695.1	5	1	1726248	1726248	Complete Genome	98.1			H293	
GCF_001051095.1	9	1	1943415	1943415	Complete Genome	99.72		PacBio	HKU488	
GCF_001182065.1	14	22	231055	1948513	Scaffold	99.32		Illumina MiSeq	G773	
GCF_001267805.1	12	1	1950469	1950469	Complete Genome	99.76	0.15	SMRT PacBio	NGAS322	
GCF_001267845.1	13	1	1791401	1791401	Complete Genome	99.33		SMRT PacBio	NGAS638	
GCF_001535565.1	3	1	1878699	1878699	Complete Genome	95.85		PacBio	MEW123	
GCF_001547715.1	15	1	1811124	1811124	Complete Genome	99.18	0.08	Sanger; Roche 454	JRS4	
GCF_001547835.1	9	1	1744827	1744827	Complete Genome	97.09		454 GS Jr; ABI 3730	MTB314	
GCF_001559175.2	9	1	1839644	1839644	Complete Genome	99.72		PacBio; Illumina	FDAARGOS_149	
GCF_001620285.1	13	1	1860554	1860554	Complete Genome	99.44		Illumina	AP53	
GCF_001635895.1	5	1	1786874	1786874	Complete Genome	98.1		Sanger dideoxy sequencing; Illumina	MGAS11027	
GCF_001635935.1	5	1	1709394	1709394	Complete Genome	98.07		Sanger dideoxy sequencing; Illumina	MGAS23530	
GCF_001635975.1	5	1	1741348	1741348	Complete Genome	98.1		Sanger dideoxy sequencing; Illumina	MGAS27061	
GCF_001638275.1	4	19	246323	1878702	Scaffold	99.76		Illumina HiSeq	SST2095-1	
GCF_001638325.1	13	20	169279	1792762	Scaffold	99.57		Illumina HiSeq	SST1020-1	
GCF_001638345.1	13	16	252913	1801299	Scaffold	99.68		Illumina HiSeq	SST1021-1	
GCF_001638385.1	13	14	242954	1743826	Scaffold	99.37		Illumina HiSeq	SST1023-1	
GCF_001638405.1	13	26	94030	1768435	Scaffold	99.39		Illumina HiSeq	SST1024-1	
GCF_001638435.1	13	21	169838	1791360	Scaffold	99.68		Illumina HiSeq	SST1028-1	
GCF_001638485.1	13	17	198595	1747406	Scaffold	99.37		Illumina HiSeq	SST2096-1	
GCF_001638545.1	13	15	213977	1756972	Scaffold	99.33		Illumina HiSeq	SST2098-1	
GCF_001638575.1	13	15	239764	1741024	Scaffold	99.37		Illumina HiSeq	SST2099-1	
GCF_001638585.1	13	10	307461	1750481	Scaffold	99.39		Illumina HiSeq	SST2102-1	
GCF_001638645.1	4	32	101708	1880503	Scaffold	99.76		Illumina HiSeq	SST2232-1	
GCF_001638675.1	12	17	219329	1812526	Scaffold	99.64		Illumina HiSeq	SST2235-1	
GCF_001638695.1	13	19	239682	1790770	Scaffold	99.68		Illumina HiSeq	SST2237-1	
GCF_001638725.1	12	11	294747	1812778	Scaffold	99.64		Illumina HiSeq	SST2233-1	
GCF_001638745.1	12	29	186729	1815817	Scaffold	99.6	0.04	Illumina HiSeq	SST2236-1	
GCF_001638775.1	13	16	239650	1742559	Scaffold	99.37		Illumina HiSeq	SST2240-1	
GCF_001638805.1	13	15	218320	1832398	Scaffold	99.4	0.67	Illumina HiSeq	SST2241-1	
GCF_001638845.2	12	1	1765123	1765123	Complete Genome	99.01		Illumina MiSeq; 454	NS53	
GCF_001638865.1	13	17	242744	1740786	Scaffold	99.34		Illumina HiSeq	SST2245-1	
GCF_001638895.1	13	14	239636	1741874	Scaffold	98.7	0.22	Illumina HiSeq	SST2243-1	
GCF_001640945.2	12	1	1811936	1811936	Chromosome	99.36		HiSeq 2000 technology Illumina	STAB13021	
GCF_001678885.1	3	1	1862487	1862487	Complete Genome	98.94		Illumina	STAB09014	
GCF_001937265.1	13	30	126711	1785289	Scaffold	98.88		Illumina HiSeq	JS95	
GCF_001982765.1	13	22	202712	1807388	Scaffold	99.54		Illumina MiSeq	CCUG 33061	
GCF_001982785.1	9	45	114860	1863165	Scaffold	99.57		Illumina HiSeq 2500	CCUG 4207	
GCF_002016575.1	10	31	177881	1777498	Scaffold	98.97		Illumina HiSeq	CCUG 25570	
GCF_002055535.1	9	1	1914862	1914862	Complete Genome	99.57			NCTC8198	
GCF_002163545.1	11	1	1890465	1890465	Complete Genome	98.99	0.22	Illumina	STAB14018	
GCF_002236855.1	13	1	1893171	1893171	Complete Genome	99.7		Illumina MiSeq	GURSA1	
GCF_002236875.1	13	1	1890204	1890204	Complete Genome	99.7		Illumina MiSeq	GUR	
GCF_002238295.1	11	1	1846347	1846347	Complete Genome	99.7	0.22	Illumina; PCR + Sanger	STAB090229	
GCF_002238315.1	11	1	1890354	1890354	Complete Genome	98.66	0.22	Illumina; PCR + sanger	STAB120304	
GCF_002250265.1	15	38	162462	1953330	Scaffold	98.93		Illumina HiSeq	spy0390	
GCF_002250335.1	15	39	161765	1934710	Scaffold	98.93		Illumina HiSeq	spy0392	
GCF_002355175.1	6	1	1893821	1893821	Complete Genome	99.21			M3-b	
GCF_002355815.1	5	1	1741982	1741982	Complete Genome	98.1		MiSeq;ABI 3730	JMUB1235	
GCF_002557755.1	3	1	1852980	1852980	Complete Genome	98.67		Illumina MiSeq; Oxford Nanopore MinION	HarveyGAS	
GCF_002844355.1	13	1	1810283	1810283	Complete Genome	99.3		PacBio	JS12	
GCF_003025365.1	10	1	1939844	1939844	Complete Genome	99.46		Illumina HiSeq; Oxford Nanopore	TJ11-001	
GCF_003203475.1	13	1	1790938	1790938	Complete Genome	99.18	0.08	PacBio	NGAS979	
GCF_003352145.1	8	1	1869673	1869673	Complete Genome	98.33		PacBio	DMG1800716	
GCF_003609955.1	6	1	1900008	1900008	Complete Genome	99.19		NextSeq; PacBio RSII	KS030	
GCF_003640605.1	1	1	1903997	1903997	Complete Genome	99.52		PacBio; Illumina	SASM4-Duke	
GCF_003698205.1	6	1	1866513	1866513	Complete Genome	98.52		Illumina HiSeq; PacBio	ABC020055975	
GCF_003812645.1	10	1	1837737	1837737	Complete Genome	99.47		PacBio; Illumina	FDAARGOS_534	
GCF_003812725.1	6	2	1899746	1902112	Complete Genome	99.13		PacBio; Illumina	FDAARGOS_514	
GCF_003814365.1	1	1	1903852	1903852	Complete Genome	99.52		Illumina MiSeq; PacBio	Duke-Large	
GCF_003814385.1	1	1	1903972	1903972	Complete Genome	99.47		Illumina MiSeq; PacBio	RLGH	
GCF_004010855.1	3	1	1853912	1853912	Complete Genome	99.11		Oxford Nanopore MiniION; Illumina NextSeq	MGAS27961	
GCF_004010875.1	3	1	1851471	1851471	Complete Genome	99.11		Oxford Nanopore MiniION; Illumina NextSeq	MGAS28085	
GCF_004123995.1	7	1	1882327	1882327	Complete Genome	99.3		Illumina MiSeq; Oxford Nanopore GridION	TSPY155	
GCF_004124015.1	12	2	1828132	1833100	Complete Genome	99.47	0.25	Illumina MiSeq; Oxford Nanopore GridION	TSPY556	
GCF_004124075.1	14	1	1976011	1976011	Complete Genome	99.62		Illumina MiSeq; Oxford Nanopore GridION	TSPY453	
GCF_004124115.1	11	1	1801696	1801696	Complete Genome	97.69		Illumina MiSeq; Oxford Nanopore GridION	TSPY208	
GCF_004124135.1	12	1	1812036	1812036	Complete Genome	99.7		Illumina MiSeq; Oxford Nanopore GridION	TSPY165	
GCF_004135875.1	11	1	1852894	1852894	Complete Genome	99.7	0.22	PacBio	M75	
GCF_004153945.1	3	1	1833822	1833822	Complete Genome	99.11		Oxford Nanopore MinION & Illumina NextSeq 500	MGAS8347	
GCF_004153965.1	3	1	1937069	1937069	Complete Genome	98.9		Oxford Nanopore MinION & Illumina NextSeq 500	MGAS10786	
GCF_004153985.1	3	1	1885126	1885126	Complete Genome	99.11		Oxford Nanopore MinION & Illumina NextSeq 500	MGAS7914	
GCF_004154005.1	3	1	1962429	1962429	Complete Genome	99.07		Oxford Nanopore MinION & Illumina NextSeq 500	MGAS7888	
GCF_004154025.1	3	1	1894040	1894040	Complete Genome	98.23		Oxford Nanopore MinION & Illumina NextSeq 500	MGAS29409	
GCF_004154045.1	3	1	1940684	1940684	Complete Genome	98.9		Oxford Nanopore MinION & Illumina NextSeq 500	MGAS29326	
GCF_004154065.1	3	1	1946265	1946265	Complete Genome	98.23		Oxford Nanopore MinION & Illumina NextSeq 500	MGAS29284	
GCF_004154085.1	3	1	1853620	1853620	Complete Genome	98.61		Oxford Nanopore MinION & Illumina NextSeq 500	MGAS28746	
GCF_004154105.1	3	1	1894087	1894087	Complete Genome	98.84		Oxford Nanopore MinION & Illumina NextSeq 500	MGAS28686	
GCF_004154125.1	3	1	1905059	1905059	Complete Genome	99.07		Oxford Nanopore MinION & Illumina NextSeq 500	MGAS28669	
GCF_004154145.1	3	1	1851876	1851876	Complete Genome	98.94		Oxford Nanopore MinION & Illumina NextSeq 500	MGAS28650	
GCF_004154165.1	3	1	1893263	1893263	Complete Genome	99.07		Oxford Nanopore MinION & Illumina NextSeq 500	MGAS28533	
GCF_004154185.1	3	1	1893041	1893041	Complete Genome	99.07		Oxford Nanopore MinION & Illumina NextSeq 500	MGAS28360	
GCF_004154205.1	3	1	1851619	1851619	Complete Genome	99.11		Oxford Nanopore MinION & Illumina NextSeq 500	MGAS28330	
GCF_004154225.1	3	1	1893446	1893446	Complete Genome	98.9		Oxford Nanopore MinION & Illumina NextSeq 500	MGAS28278	
GCF_004154245.1	3	1	1842830	1842830	Complete Genome	99.11		Oxford Nanopore MinION & Illumina NextSeq 500	MGAS28271	
GCF_004154265.1	3	1	1892473	1892473	Complete Genome	99.07		Oxford Nanopore MinION & Illumina NextSeq 500	MGAS28191	
GCF_004154285.1	3	1	1851403	1851403	Complete Genome	98.83		Oxford Nanopore MinION & Illumina NextSeq 500	MGAS11115	
GCF_004154305.1	3	1	1853812	1853812	Complete Genome	98.83		Oxford Nanopore MinION & Illumina NextSeq 500	MGAS11108	
GCF_004154325.1	3	1	1839848	1839848	Complete Genome	98.28		Oxford Nanopore MinION & Illumina NextSeq 500	MGAS29064	
GCF_004154345.1	3	1	1837594	1837594	Complete Genome	98.44		Oxford Nanopore MinION & Illumina NextSeq 500	MGAS28386	
GCF_004154365.1	3	1	1880780	1880780	Complete Genome	99.11		Oxford Nanopore MinION & Illumina NextSeq 500	MGAS28078	
GCF_004154385.1	3	1	1907750	1907750	Complete Genome	98.9		Oxford Nanopore MinION & Illumina NextSeq 500	MGAS11052	
GCF_004154405.1	3	1	1852263	1852263	Complete Genome	99.11		Oxford Nanopore MinION & Illumina NextSeq 500	MGAS10826	
GCF_004193935.1	10	1	1878827	1878827	Complete Genome	99.42		PacBio	SP1336	
GCF_005160445.1	12	1	1756622	1756622	Complete Genome	99.67	0.4	PacBio	emm57	
GCF_005160565.1	13	1	1861037	1861037	Complete Genome	98.4	0.08	PacBio	emm74	
GCF_005160785.1	12	1	1816007	1816007	Complete Genome	99.43	0.27	PacBio	emmSTG866.1	
GCF_005160925.1	12	1	1899479	1899479	Complete Genome	99.11	0.72	PacBio	emm55	
GCF_005161125.1	12	1	1800116	1800116	Complete Genome	98.96		PacBio	emm105	
GCF_005161325.1	12	1	1779766	1779766	Complete Genome	98.79		PacBio	emm64.3	
GCF_005161465.1	12	1	1806521	1806521	Complete Genome	98.41	0.4	PacBio	emm78.3	
GCF_005161605.1	12	1	1950616	1950616	Complete Genome	98.02	0.24	PacBio	emm22.8	
GCF_005161825.1	12	1	1790668	1790668	Complete Genome	99.04		PacBio	emm124	
GCF_005161985.1	4	1	1888806	1888806	Complete Genome	99.78	0.27	PacBio	emm58	
GCF_005162245.1	12	1	1812090	1812090	Complete Genome	98.66	0.67	PacBio	emm97.1	
GCF_005162405.1	12	1	1825427	1825427	Complete Genome	99.2	2.0	PacBio	emm56	
GCF_005162565.1	13	1	1826467	1826467	Complete Genome	99.64	0.1	PacBio	emm70	
GCF_005162725.1	12	1	1701466	1701466	Complete Genome	99.03		PacBio	emm93.4	
GCF_005162865.1	13	1	1826832	1826832	Complete Genome	99.4	0.67	PacBio	emm230	
GCF_005163085.1	12	1	1768816	1768816	Complete Genome	99.11		PacBio	emm123	
GCF_005163245.1	13	1	1742565	1742565	Complete Genome	99.67		PacBio	emm54	
GCF_005163385.1	12	1	1788166	1788166	Complete Genome	99.52		PacBio	emmNA	
GCF_005163565.1	7	1	1809631	1809631	Complete Genome	99.14		PacBio	emm11	
GCF_005163705.1	12	1	1789855	1789855	Complete Genome	98.79		PacBio	emm65	
GCF_005163865.1	12	1	1887700	1887700	Complete Genome	99.69	0.23	PacBio	emm75.1	
GCF_005164025.1	12	1	1806344	1806344	Complete Genome	98.66		PacBio	emm89.14	
GCF_005164305.1	12	1	1806314	1806314	Complete Genome	99.63		PacBio	emm77	
GCF_005164585.1	9	1	1834762	1834762	Complete Genome	99.61		PacBio	emm1	
GCF_005164705.1	12	1	1835714	1835714	Complete Genome	98.46		PacBio	emm25	
GCF_005164885.1	12	1	1764969	1764969	Complete Genome	99.49		PacBio	emm90.5	
GCF_005165045.1	12	1	1758778	1758778	Complete Genome	99.07		PacBio	emm92	
GCF_005165265.1	12	1	1839531	1839531	Complete Genome	98.94		PacBio	emm100	
GCF_005165385.1	12	1	1797172	1797172	Complete Genome	99.61		PacBio	emm197	
GCF_005222545.1	12	1	1747924	1747924	Complete Genome	99.31		PacBio	emm68.2	
GCF_005472355.1	9	65	52785	1779172	Scaffold	98.35	0.25	Illumina MiSeq	emm1_S21	
GCF_005472365.1	9	76	53703	1752336	Scaffold	98.12	0.18	Illumina MiSeq	emm1_S16	
GCF_005472375.1	9	43	72948	1793046	Scaffold	98.86	0.05	Illumina MiSeq	emm1_S14	
GCF_005472385.1	9	30	118735	1788666	Scaffold	99.75		Illumina MiSeq	emm1_S18	
GCF_005472395.1	9	35	92173	1791093	Scaffold	98.61		Illumina MiSeq	emm1_S20	
GCF_005472455.1	9	26	93809	1794882	Scaffold	99.62		Illumina MiSeq	emm1_S11	
GCF_005472465.1	9	33	99642	1828588	Scaffold	99.01		Illumina MiSeq	emm1_S12	
GCF_005472475.1	9	49	63220	1794403	Scaffold	96.18		Illumina MiSeq	emm1_S6	
GCF_005472505.1	9	153	21465	1795639	Scaffold	95.84	0.68	Illumina MiSeq	emm1_S13	
GCF_005472555.1	9	72	66106	1764860	Scaffold	98.24	0.09	Illumina MiSeq	emm1_S4	
GCF_005472595.1	9	36	92173	1827570	Scaffold	99.01	0.07	Illumina MiSeq	emm1_S19	
GCF_005472605.1	9	40	69160	1780718	Scaffold	98.4	0.04	Illumina MiSeq	emm1_S15	
GCF_005472615.1	9	56	60389	1775344	Scaffold	98.39	0.04	Illumina MiSeq	emm1_S17	
GCF_006364235.1	9	1	1914862	1914862	Complete Genome	99.57		Pacbio; Illumina	FDAARGOS_774	
GCF_006740645.1	9	1	1778005	1778005	Complete Genome	97.78		PacBio RSII	10-85	
GCF_007990695.1	10	89	58756	1739442	Scaffold	99.47	0.67	Illumina	ATCC 11434	
GCF_008694005.1	10	4	1837758	1841346	Complete Genome	99.47		Pacbio; Illumina	FDAARGOS_668	
GCF_009664495.1	5	1	1746807	1746807	Complete Genome	97.76		PacBio RSII, Illumina NextSeq	AUSMDU00010539	
GCF_009738475.1	5	1	1741943	1741943	Complete Genome	97.87		Illumina HiSeq + PCR + sanger	STAB09023	
GCF_009738495.1	5	1	1742165	1742165	Complete Genome	98.1		Illumina HiSeq + PCR + sanger	STAB10048	
GCF_009832845.1	12	1	2010300	2010300	Complete Genome	99.66	0.03	Illumina GAIIx; Oxford Nanopore GridION	1085	
GCF_010499515.1	9	49	130952	1995610	Scaffold	99.68	1.09	Illumina NovaSeq	spy-1397	
GCF_010499535.1	10	83	183845	2004671	Scaffold	98.42	2.66	Illumina NovaSeq	spy-1326	
GCF_010499565.1	9	58	210847	2002928	Scaffold	99.68	2.39	Illumina NovaSeq	spy-498	
GCF_011290565.1	12	1	1832686	1832686	Complete Genome	97.68	1.5	Illumina GAIIx; Oxford Nanopore GridION	1040	
GCF_012572265.1	9	1	1835779	1835779	Complete Genome	99.72		Oxford Nanopore GridION & Illumina NextSeq	MGAS2221	
GCF_013306985.1	1	1	1890399	1890399	Complete Genome	99.13		PacBio Sequel	4063-05	
GCF_014191695.1	6	1	1900555	1900555	Complete Genome	99.28		Illumina MiSeq; Oxford Nanopore Technologies MinION	NIH34	
GCF_014191835.1	3	1	1853362	1853362	Complete Genome	98.89		Illumina MiSeq; Oxford Nanopore Technologies MinION	NIH35	
GCF_014192005.1	12	1	1854597	1854597	Complete Genome	98.57		Illumina MiSeq; Oxford Nanopore Technologies MinION	KUN-0012590	
GCF_014192175.1	5	1	1747400	1747400	Complete Genome	98.07		Illumina MiSeq; Oxford Nanopore Technologies MinION	KUN-0014944	
GCF_014218015.1	12	1	1918725	1918725	Complete Genome	99.28		Illumina HiSeq	37-97S	
GCF_014218035.1	12	1	1918724	1918724	Chromosome	98.45		Illumina HiSeq	37-97P	
GCF_014495925.1	1	1	1865571	1865571	Complete Genome	99.6		Oxford Nanopore; Illumina	BSAC_bs192	Invasive disease
GCF_014495945.1	1	1	1932413	1932413	Complete Genome	99.56		Oxford Nanopore; Illumina	BSAC_bs1388	Invasive disease
GCF_014495965.1	1	1	1909430	1909430	Complete Genome	99.6		Oxford Nanopore; Illumina	BSAC_bs1802	Invasive disease
GCF_014495985.1	1	1	1859391	1859391	Complete Genome	99.49		Oxford Nanopore; Illumina	BSAC_bs472	Invasive disease
GCF_016126835.1	12	1	1862424	1862424	Complete Genome	99.71		Illumina NextSeq; Oxford Nanopore GridION	emm9ST603	
GCF_016549335.1	15	1	1897111	1897111	Complete Genome	99.49		Illumina; Oxford Nanopore MinION	iGAS426	
GCF_016549355.1	15	1	1897124	1897124	Complete Genome	99.55		Illumina; Oxford Nanopore MinION	iGAS376	
GCF_016549375.1	15	1	1897129	1897129	Complete Genome	99.54		Illumina; Oxford Nanopore MinION	iGAS391	
GCF_017132795.1	9	1	1831274	1831274	Complete Genome	99.72		Illumina NextSeq; Oxford Nanopore GridION	M11318	
GCF_017638465.1	12	1	1852911	1852911	Complete Genome	99.42		Illumina NextSeq; Oxford Nanopore GridION	M08500	
GCF_018140985.1	10	1	1866140	1866140	Complete Genome	99.25		Illumina MiSeq; Oxford Nanopore GridION	TSPY1687	
GCF_019335345.1	9	32	99843	1899607	Scaffold	99.61		Illumina HiSeq	GAS1299	
GCF_019335455.1	9	32	101249	1906957	Scaffold	99.72		Illumina HiSeq	GAS961	
GCF_019335505.1	9	25	123093	1797975	Scaffold	99.72		Illumina HiSeq	GAS2015	
GCF_019335565.1	9	27	123070	1861039	Scaffold	99.72		Illumina HiSeq	GAS1693	
GCF_019335615.1	9	31	101253	1899811	Scaffold	99.72		Illumina HiSeq	GAS561	
GCF_019335645.1	10	46	98701	1851318	Scaffold	99.25		Illumina HiSeq	GAS744	
GCF_019335665.1	9	29	114765	1862022	Scaffold	99.72		Illumina HiSeq	GAS377	
GCF_019335725.1	9	27	123070	1861040	Scaffold	99.72		Illumina HiSeq	GAS343	
GCF_019335745.1	10	45	98812	1851617	Scaffold	99.25		Illumina HiSeq	GAS552	
GCF_019335765.1	10	45	98812	1850944	Scaffold	99.2		Illumina HiSeq	GAS738	
GCF_019335785.1	10	35	99731	1820246	Scaffold	99.25		Illumina HiSeq	GAS1854	
GCF_019335805.1	10	45	98773	1849449	Scaffold	99.25		Illumina HiSeq	GAS1966	
GCF_019335825.1	10	35	99711	1819538	Scaffold	99.25		Illumina HiSeq	GAS669	
GCF_019335835.1	10	36	99731	1824430	Scaffold	99.25		Illumina HiSeq	GAS1914	
GCF_019335845.1	10	45	99571	1851932	Scaffold	99.14		Illumina HiSeq	GAS2000	
GCF_019335885.1	10	43	98773	1846486	Scaffold	99.25		Illumina HiSeq	GAS1843	
GCF_019335895.1	10	48	99038	1851465	Scaffold	99.25		Illumina HiSeq	GAS1858	
GCF_019335925.1	10	37	99731	1828873	Scaffold	99.25		Illumina HiSeq	GAS875	
GCF_019335945.1	10	46	98813	1851035	Scaffold	99.25		Illumina HiSeq	GAS303	
GCF_019335965.1	10	46	98773	1850669	Scaffold	99.25		Illumina HiSeq	GAS1208	
GCF_019335985.1	10	45	98926	1851338	Scaffold	99.25		Illumina HiSeq	GAS335	
GCF_019335995.1	10	48	98774	1851183	Scaffold	99.25		Illumina HiSeq	GAS318	
GCF_019336025.1	10	36	99731	1820458	Scaffold	99.22		Illumina HiSeq	GAS337	
GCF_019336045.1	10	34	99731	1824729	Scaffold	99.25		Illumina HiSeq	GAS390	
GCF_019336065.1	10	46	98773	1850828	Scaffold	98.58		Illumina HiSeq	GAS424	
GCF_019336085.1	10	45	99490	1851892	Scaffold	99.25		Illumina HiSeq	GAS373	
GCF_019336105.1	10	42	148556	1793992	Scaffold	99.25		Illumina HiSeq	GAS367	
GCF_019336125.1	10	46	98773	1851100	Scaffold	98.92		Illumina HiSeq	GAS315	
GCF_019336135.1	10	35	99711	1819444	Scaffold	99.25		Illumina HiSeq	GAS306	
GCF_019342845.1	1	1	1866006	1866006	Complete Genome	99.52		Illumina MiSeq; ONT GridION	TSPY806	
GCF_019342865.1	1	1	1823857	1823857	Complete Genome	99.49		Illumina MiSeq; ONT GridION	TSPY637	
GCF_019342885.1	1	1	1866277	1866277	Complete Genome	99.52		Illumina MiSeq; ONT GridION	TSPY515	
GCF_019342905.1	1	1	1885850	1885850	Complete Genome	99.48		Illumina MiSeq; ONT GridION	ABC245	
GCF_019342925.1	1	1	1931322	1931322	Complete Genome	99.56		Illumina MiSeq; ONT GridION	ABC221	
GCF_019342945.1	1	1	1866583	1866583	Complete Genome	99.52		Illumina MiSeq; ONT GridION	ABC208	
GCF_019342965.1	1	1	1823813	1823813	Complete Genome	99.49		Illumina MiSeq; ONT GridION	ABC199	
GCF_019342985.1	1	1	1890316	1890316	Complete Genome	99.52		Illumina MiSeq; ONT GridION	ABC157	
GCF_019343005.1	1	1	1887828	1887828	Complete Genome	99.6		Illumina MiSeq; ONT GridION	ABC155	
GCF_019343025.1	1	1	1866269	1866269	Complete Genome	99.52		Illumina MiSeq; ONT GridION	ABC122	
GCF_019343045.1	1	1	1887256	1887256	Complete Genome	99.52		Illumina MiSeq; ONT GridION	ABC76	
GCF_019343065.1	1	1	1890992	1890992	Complete Genome	99.6		Illumina MiSeq; ONT GridION	ABC25	
GCF_019343085.1	1	1	1890273	1890273	Complete Genome	99.52		Illumina MiSeq; ONT GridION	ABC3	
GCF_019448315.1	1	1	1860158	1860158	Complete Genome	99.52		Illumina MiSeq; Oxford Nanopore GridION	TSPY767	
GCF_020826915.1	12	1	1878218	1878218	Complete Genome	99.52		Illumina MiSeq; Oxford Nanopore GridION	TSPY141	
GCF_020826935.1	12	1	1970284	1970284	Complete Genome	99.37		Illumina MiSeq; Oxford Nanopore GridION	TSPY153	
GCF_020826955.1	12	1	1758170	1758170	Complete Genome	99.12	0.08	Illumina MiSeq; Oxford Nanopore GridION	TSPY764	
GCF_020826975.1	8	1	1841971	1841971	Complete Genome	98.6		Illumina MiSeq; Oxford Nanopore GridION	TSPY210	
GCF_020826995.1	12	1	1845647	1845647	Complete Genome	99.78		Illumina MiSeq; Oxford Nanopore GridION	TSPY1312	
GCF_020827015.1	12	1	1791351	1791351	Complete Genome	99.34		Illumina MiSeq; Oxford Nanopore GridION	TSPY416	
GCF_020827035.1	12	1	1781254	1781254	Complete Genome	99.44		Illumina MiSeq; Oxford Nanopore GridION	TSPY1309	
GCF_020827055.1	12	1	1902845	1902845	Complete Genome	99.2		Illumina MiSeq; Oxford Nanopore GridION	TSPY1349	
GCF_020827075.1	12	1	1890384	1890384	Complete Genome	99.0	0.27	Illumina MiSeq; Oxford Nanopore GridION	TSPY1026	
GCF_020827095.1	15	1	1780403	1780403	Complete Genome	98.81		Illumina MiSeq; Oxford Nanopore GridION	TSPY136	
GCF_020827115.1	9	1	1827693	1827693	Complete Genome	99.03		Illumina MiSeq; Oxford Nanopore GridION	TSPY383	
GCF_020827135.1	12	1	1852565	1852565	Complete Genome	99.16	0.68	Illumina MiSeq; Oxford Nanopore GridION	TSPY270	
GCF_022494495.1	6	1	1819973	1819973	Complete Genome	99.16		Illumina; Oxford Nanopore	SHZ-1	
GCF_022869605.1	9	1	1914863	1914863	Complete Genome	99.53		Illumina; PacBio	PartK-Spyogenes-RM8376	
GCF_022869745.1	15	1	1860753	1860753	Chromosome	99.26	0.08	Illumina NovaSeq	52SS1	
GCF_023278205.1	12	1	1800518	1800518	Complete Genome	99.42	0.08	Illumina MiSeq; Oxford Nanopore GridION	MGAS270	
GCF_023380045.1	15	1	1910967	1910967	Complete Genome	98.48		Illumina HiSeq	21SPY7071	cerebral abscess
GCF_026781925.1	15	45	133283	1853807	Scaffold	98.06	0.25	Illumina MiSeq	A16000451	
GCF_026782005.1	10	35	148040	1791139	Scaffold	99.42		Illumina MiSeq	A13000833	
GCF_027982845.1	15	76	85527	1848374	Scaffold	99.45		Illumina MiSeq	MGAS8232_WT	
GCF_028215815.1	12	1	1854315	1854315	Complete Genome	99.69	0.43	Illumina HiSeq; Oxford Nanopore GridION	1095	
GCF_028370195.1	9	1	1902947	1902947	Complete Genome	99.72		Oxford Nanopore	SP1451	
GCF_028370215.1	9	1	1831250	1831250	Complete Genome	99.39		Oxford Nanopore	SP1450	
GCF_028370235.1	9	1	1837335	1837335	Complete Genome	99.72		Oxford Nanopore	SP1448	
GCF_028370255.1	9	1	1872024	1872024	Complete Genome	99.69		Oxford Nanopore	SP1426	
GCF_028370275.1	9	1	1837261	1837261	Complete Genome	99.72		Oxford Nanopore	SP1384	
GCF_028370295.1	9	1	1883075	1883075	Complete Genome	99.72		Oxford Nanopore	SP1380	
GCF_028867825.1	6	1	1863912	1863912	Complete Genome	98.52		Illumina MiSeq; PacBio	MGAS10870	
GCF_029280505.1	12	1	1856557	1856557	Complete Genome	99.68	0.03	Illumina HiSeq; Oxford Nanopore GridION	1039	
GCF_029280565.1	12	1	1853582	1853582	Complete Genome	99.72	0.43	Illumina HiSeq; Oxford Nanopore GridION	1042	
GCF_029280585.1	12	1	1916409	1916409	Complete Genome	99.68	2.21	Illumina HiSeq; Oxford Nanopore GridION	1133	
GCF_029323775.1	12	1	1842099	1842099	Complete Genome	99.72	0.03	Illumina HiSeq; Oxford Nanopore GridION	1004	
GCF_029637645.1	9	1	2008188	2008188	Complete Genome	99.42	2.67	Illumina HiSeq; Oxford Nanopore PromethION	1044	
GCF_033008475.1	12	56	149366	1855299	Scaffold	99.19		DNBSEQ-G400RS	AB1	
GCF_034430055.1	9	1	1833607	1833607	Complete Genome	99.21		PacBio Sequel	NV28	
GCF_034432415.1	9	1	1834709	1834709	Complete Genome	99.33		PacBio Sequel	NV27	
GCF_034433155.1	9	25	165316	1798613	Scaffold	99.72		Illumina NovaSeq	4756	
GCF_034434355.2	9	1	1835839	1835839	Complete Genome	99.72		PacBio Sequel	NV1	
GCF_034436135.1	9	1	1862268	1862268	Complete Genome	98.82		PacBio Sequel	NV6	
GCF_035918415.1	12	1	1841219	1841219	Complete Genome	99.44	0.08	PacBio RSII	11RS100	
GCF_035918435.1	12	1	1805137	1805137	Complete Genome	98.81		PacBio RSII	SS1445	
GCF_035918455.1	12	1	1788060	1788060	Complete Genome	99.78		PacBio RSII	SS1366	
GCF_035918475.1	13	1	1846043	1846043	Complete Genome	99.07	0.08	PacBio RSII	2907-97	
GCF_035918495.1	13	1	1749382	1749382	Complete Genome	99.67		PacBio RSII	D641	
GCF_035918515.1	12	1	1842075	1842075	Complete Genome	99.78		PacBio RSII	6745-99	
GCF_035918535.1	12	1	1821159	1821159	Complete Genome	98.11	0.4	PacBio RSII	A946	
GCF_035918555.1	12	1	1741389	1741389	Complete Genome	97.79		PacBio RSII	CT95-157	
GCF_035918575.1	12	1	1793445	1793445	Complete Genome	98.97	0.46	PacBio RSII	AW-534	
GCF_035918595.1	12	1	1814755	1814755	Complete Genome	99.34		PacBio RSII	6702-99	
GCF_036347555.1	12	2	1829882	1834849	Complete Genome	99.11		PacBio Sequel	Spyo01	
GCF_036347575.1	9	1	1835741	1835741	Complete Genome	99.61		PacBio Sequel	Spyo06	
GCF_036347595.1	12	2	1833938	1838905	Complete Genome	99.11		PacBio Sequel	Spyo09	
GCF_036353505.2	10	1	1837895	1837895	Complete Genome	99.34		Oxford Nanopore GridION; Illumina NextSeq	Isolate 21	
GCF_037095955.1	9	24	165316	1798523	Scaffold	99.72		Illumina NovaSeq	4756.1	
GCF_038385395.1	9	1	1838577	1838577	Complete Genome	99.72		Illumina NextSeq;Oxford Nanopore GridION	MGAS37856	
GCF_038386885.1	9	1	1838577	1838577	Complete Genome	99.72		Illumina NextSeq;Oxford Nanopore GridION	MGAS37835	
GCF_039619335.1	12	2	1788670	1792091	Complete Genome	97.73	0.24	Illumina MiSeq; Oxford Nanopore MinION	318231	
GCF_039889385.1	9	23	203626	1798352	Scaffold	99.72		Illumina	GAS-LAR-5996	
GCF_041071735.1	14	1	2066953	2066953	Complete Genome	99.55	0.44	Oxford Nanopore PromethION + Illumina MiSeq	8373/17	
GCF_041071845.1	14	1	1926430	1926430	Complete Genome	99.62		Oxford Nanopore PromethION + Illumina MiSeq	4958/15	
GCF_041072535.1	14	1	1963238	1963238	Complete Genome	99.62		Oxford Nanopore PromethION + Illumina MiSeq	1966/14	
GCF_041072725.1	14	1	2067793	2067793	Complete Genome	99.28		Oxford Nanopore PromethION + Illumina MiSeq	9606/11	
GCF_041072835.1	14	1	2002007	2002007	Complete Genome	99.62		Oxford Nanopore PromethION + Illumina MiSeq	1510/08	
GCF_041073745.1	14	1	2003379	2003379	Complete Genome	99.62		Oxford Nanopore PromethION + Illumina MiSeq	997/08	
GCF_041074175.1	14	1	1924471	1924471	Complete Genome	99.62		Oxford Nanopore PromethION + Illumina MiSeq	1851/03	
GCF_041074825.1	14	1	1972692	1972692	Complete Genome	99.62	0.27	Oxford Nanopore PromethION + Illumina MiSeq	400/03	
GCF_041429915.1	15	1	1824088	1824088	Complete Genome	98.72		Illumina NextSeq 500, Nanopore GridION	Isolate 34	
GCF_041429935.1	10	1	1792154	1792154	Complete Genome	98.98		Illumina NextSeq 500, Nanopore GridION	Isolate 35	
GCF_041429945.1	9	1	1835659	1835659	Complete Genome	99.72		Illumina NextSeq 500, Nanopore GridION	Isolate 33	
GCF_041430105.1	9	1	1837281	1837281	Complete Genome	99.72		Illumina NextSeq 500, Nanopore GridION	Isolate 31	
GCF_041430535.1	12	1	1968420	1968420	Complete Genome	98.62	0.17	Illumina NextSeq 500, Nanopore GridION	Isolate 30	
GCF_041430835.1	9	1	1835951	1835951	Complete Genome	99.72		Illumina NextSeq 500, Nanopore GridION	Isolate 29	
GCF_041430845.1	15	1	1903662	1903662	Complete Genome	99.01	0.08	Illumina NextSeq 500, Nanopore GridION	Isolate 28	
GCF_041430855.1	7	1	1888397	1888397	Complete Genome	99.24		Illumina NextSeq 500, Nanopore GridION	Isolate 27	
GCF_041430865.1	10	1	1814188	1814188	Complete Genome	99.13		Illumina NextSeq 500, Nanopore GridION	Isolate 26	
GCF_041430875.1	3	1	1906997	1906997	Complete Genome	98.9		Illumina NextSeq 500, Nanopore GridION	Isolate 23	
GCF_041430885.1	9	1	1798747	1798747	Complete Genome	99.72		Illumina NextSeq 500, Nanopore GridION	Isolate 24	
GCF_041430895.1	3	1	1929508	1929508	Complete Genome	98.9		Illumina NextSeq 500, Nanopore GridION	Isolate 22	
GCF_041430915.1	7	1	1888396	1888396	Complete Genome	99.24		Illumina NextSeq 500, Nanopore GridION	Isolate 18	
GCF_041430925.1	3	1	1894463	1894463	Complete Genome	98.87		Illumina NextSeq 500, Nanopore GridION	Isolate 17	
GCF_041430935.1	5	1	1721843	1721843	Complete Genome	97.83		Illumina NextSeq 500, Nanopore GridION	Isolate 16	
GCF_041430945.1	3	1	1931613	1931613	Complete Genome	98.87		Illumina NextSeq 500, Nanopore GridION	Isolate 11	
GCF_041430955.1	5	1	1742521	1742521	Complete Genome	97.43		Illumina NextSeq 500, Nanopore GridION	Isolate 12	
GCF_041430965.1	11	1	1760536	1760536	Complete Genome	98.57		Illumina NextSeq 500, Nanopore GridION	Isolate 10	
GCF_041430975.1	9	1	1837312	1837312	Complete Genome	99.72		Illumina NextSeq 500, Nanopore GridION	Isolate 9	
GCF_041430985.1	1	1	1860985	1860985	Complete Genome	99.6		Illumina NextSeq 500, Nanopore GridION	Isolate 8	
GCF_041430995.1	10	1	1837873	1837873	Complete Genome	99.47		Illumina NextSeq 500, Nanopore GridION	Isolate 7	
GCF_041431005.1	11	1	1741038	1741038	Complete Genome	98.49		Illumina NextSeq 500, Nanopore GridION	Isolate 6	
GCF_041431015.1	5	1	1792465	1792465	Complete Genome	98.1		Illumina NextSeq 500, Nanopore GridION	Isolate 4	
GCF_041431025.1	1	1	1922845	1922845	Complete Genome	99.47		Illumina NextSeq 500, Nanopore GridION	Isolate 5	
GCF_041431035.1	6	1	1900838	1900838	Complete Genome	99.08		Illumina NextSeq 500, Nanopore GridION	Isolate 3	
GCF_041431045.1	9	1	1851413	1851413	Complete Genome	99.72		Illumina NextSeq 500, Nanopore GridION	Isolate 2	
GCF_041431055.1	5	1	1721829	1721829	Complete Genome	97.94		Illumina NextSeq 500, Nanopore GridION	Isolate 1	
GCF_041447185.1	9	1	1835976	1835976	Complete Genome	99.72		Illumina NextSeq 500, Nanopore GridION	Isolate 32	
GCF_041877915.1	9	45	99051	1798414	Scaffold	99.72		Illumina MiSeq	C200400745	
GCF_041877925.1	12	51	100616	1807163	Scaffold	99.07		Illumina MiSeq	C200400744	
GCF_041877945.1	12	27	146455	1831176	Scaffold	99.28		Illumina MiSeq	C200400518	
GCF_041877955.1	9	156	26997	1773260	Scaffold	99.5	0.04	Illumina MiSeq	C200100888	
GCF_041878015.1	3	66	91187	1839361	Scaffold	98.24		Illumina MiSeq	C200302240	
GCF_041878035.1	10	73	63596	1790675	Scaffold	99.34	0.67	Illumina MiSeq	C200302022	
GCF_041878045.1	9	35	98744	1798637	Scaffold	99.69		Illumina MiSeq	C200302021	
GCF_041878115.1	12	247	15870	1780803	Scaffold	98.26	0.26	Illumina MiSeq	C200601573	
GCF_041878125.1	14	125	37656	1812822	Scaffold	98.73	0.07	Illumina MiSeq	C200500124	
GCF_041878155.1	14	66	68357	1730885	Scaffold	97.85	0.4	Illumina MiSeq	C200603038	
GCF_041878175.1	12	107	41411	1858705	Scaffold	99.28		Illumina MiSeq	C200501205	
GCF_041878195.1	5	91	47780	1754278	Scaffold	97.93	0.74	Illumina MiSeq	C200401014	
GCF_041878235.1	9	47	92357	1795231	Scaffold	99.72		Illumina MiSeq	C200603951	
GCF_041878295.1	10	114	31694	1740207	Scaffold	99.23		Illumina MiSeq	C200800792	
GCF_041878315.1	7	183	21527	1804727	Scaffold	97.27	0.67	Illumina MiSeq	C200907726	
GCF_041878335.1	2	160	20079	1712169	Scaffold	98.71	0.08	Illumina MiSeq	C200909964	
GCF_041878365.1	15	63	71480	1806385	Scaffold	99.21	0.08	Illumina MiSeq	C200501429	
GCF_041900675.1	14	22	162886	1739564	Scaffold	97.94	0.4	Illumina MiSeq	C220504061	
GCF_041900755.1	3	33	184504	1859561	Scaffold	98.83		Illumina MiSeq	C210700327	
GCF_041900775.1	3	78	71058	1809001	Scaffold	98.94	0.67	Illumina MiSeq	C210700326	
GCF_041900805.1	2	14	197785	1742147	Scaffold	99.69	0.08	Illumina MiSeq	C220502125	
GCF_041900815.1	13	27	225772	1844293	Scaffold	99.18	0.08	Illumina MiSeq	C221100732	
GCF_041900875.1	12	171	27117	1759255	Scaffold	97.49	0.43	Illumina MiSeq	C210801994	
GCF_041900915.1	7	39	90635	1805736	Scaffold	99.09	0.07	Illumina MiSeq	C210404490	
GCF_041900945.1	12	140	36310	1837394	Scaffold	97.78	0.48	Illumina MiSeq	C210201631	
GCF_041900995.1	12	77	69996	1788109	Scaffold	99.47	0.35	Illumina MiSeq	C210102199	
GCF_041901015.1	2	13	250686	1813156	Scaffold	99.69	0.35	Illumina MiSeq	C221201981	
GCF_041901025.1	3	15	243346	1818777	Scaffold	98.91		Illumina MiSeq	C221100663	
GCF_041901035.1	2	17	176720	1741898	Scaffold	99.69	0.08	Illumina MiSeq	C221101192	
GCF_041901045.1	2	12	197747	1743747	Scaffold	99.69	0.08	Illumina MiSeq	C221202104	
GCF_041901115.1	7	20	248750	1853486	Scaffold	99.3		Illumina MiSeq	C220402127	
GCF_041901125.1	13	34	124100	1746000	Scaffold	99.3		Illumina MiSeq	C221202223	
GCF_041901165.1	3	14	243429	1860954	Scaffold	98.94		Illumina MiSeq	C220402237	
GCF_041901195.1	10	33	160489	1795835	Scaffold	99.47		Illumina MiSeq	C221101191	
GCF_041901205.1	2	14	197649	1812814	Scaffold	99.4	0.35	Illumina MiSeq	C221100125	
GCF_041901295.1	10	28	148683	1797024	Scaffold	99.47		Illumina MiSeq	C220502510	
GCF_041901305.1	8	30	143294	1831529	Scaffold	98.69		Illumina MiSeq	C220503484	
GCF_041901325.1	2	23	137453	1810847	Scaffold	98.84	0.35	Illumina MiSeq	C221100355	
GCF_041901355.1	12	66	57715	1793643	Scaffold	98.59	0.5	Illumina MiSeq	C220300106	
GCF_041901415.1	12	45	127965	1818486	Scaffold	99.17		Illumina MiSeq	C210600452	
GCF_041901595.1	12	27	178244	1789052	Scaffold	99.47	0.35	Illumina MiSeq	C210600448	
GCF_041901915.1	1	62	68199	1857816	Scaffold	99.4	0.07	Illumina MiSeq	C210602462	
GCF_041901935.1	12	59	78691	1785272	Scaffold	98.84		Illumina MiSeq	C210701062	
GCF_041901985.1	12	68	93613	1856314	Scaffold	98.71	0.26	Illumina MiSeq	C210302665	
GCF_043231225.1	9	1	1853025	1853025	Complete Genome	99.53		Oxford Nanopore MinION; Illumina MiSeq	SF370	
GCF_044360805.1	12	1	1825662	1825662	Complete Genome	98.91		PacBio Sequel II	20154608	
GCF_044360885.1	10	1	1925891	1925891	Complete Genome	98.47		PacBio Sequel II	20200554	
GCF_044360945.1	10	1	1925871	1925871	Complete Genome	98.63		PacBio Sequel II	20203206	
GCF_044361035.1	10	1	1886178	1886178	Complete Genome	98.19		PacBio Sequel II	20192362	
GCF_044361075.1	10	1	1955972	1955972	Complete Genome	98.63		PacBio Sequel II	20154051	
GCF_044361135.1	10	1	1921124	1921124	Complete Genome	98.18		PacBio Sequel II	20164915	
GCF_044361195.1	10	1	2004039	2004039	Complete Genome	98.63		PacBio Sequel II	20181688	
GCF_044361245.1	10	1	1884952	1884952	Complete Genome	99.47		PacBio Sequel II	20185322	
GCF_044361285.1	10	1	1831885	1831885	Complete Genome	99.43		PacBio Sequel II	20160179	
GCF_045290375.1	9	1	1838576	1838576	Complete Genome	99.72		Illumina NextSeq;Oxford Nanopore GridION	MGAS37817	
GCF_045290385.1	9	1	1838577	1838577	Complete Genome	99.72		Illumina NextSeq;Oxford Nanopore GridION	MGAS37822	
GCF_045290395.1	9	1	1838576	1838576	Complete Genome	99.72		Illumina NextSeq;Oxford Nanopore GridION	MGAS37823	
GCF_045290405.1	9	1	1838577	1838577	Complete Genome	99.72		Illumina NextSeq;Oxford Nanopore GridION	MGAS37829	
GCF_045290435.1	9	1	1838579	1838579	Complete Genome	99.72		Illumina NextSeq;Oxford Nanopore GridION	MGAS37843	
GCF_045290545.1	9	1	1838608	1838608	Complete Genome	99.72		Illumina NextSeq;Oxford Nanopore GridION	MGAS37844	
GCF_045290615.1	9	1	1838577	1838577	Complete Genome	99.72		Illumina NextSeq;Oxford Nanopore GridION	MGAS37850	
GCF_045290705.1	9	1	1838577	1838577	Complete Genome	99.72		Illumina NextSeq;Oxford Nanopore GridION	MGAS37857	
GCF_045290995.1	9	1	1838510	1838510	Complete Genome	99.71		Illumina NextSeq;Oxford Nanopore GridION	MGAS38345	
GCF_045345455.1	12	1	1793507	1793507	Complete Genome	99.4	0.4	Illumina; Oxford Nanopore	EMM113	
GCF_045690025.1	9	1	1838574	1838574	Complete Genome	99.72		Illumina NextSeq;Oxford Nanopore GridION	MGAS37826	
GCF_045690035.1	9	1	1838573	1838573	Complete Genome	99.72		Illumina NextSeq;Oxford Nanopore GridION	MGAS37828	
GCF_045690045.1	9	1	1838576	1838576	Complete Genome	99.72		Illumina NextSeq;Oxford Nanopore GridION	MGAS37831	
GCF_045690055.1	9	1	1842386	1842386	Complete Genome	99.39		Illumina NextSeq;Oxford Nanopore GridION	MGAS37832	
GCF_045690075.1	9	1	1838600	1838600	Complete Genome	99.72		Illumina NextSeq;Oxford Nanopore GridION	MGAS37834	
GCF_045690085.1	9	1	1838791	1838791	Complete Genome	99.72		Illumina NextSeq;Oxford Nanopore GridION	MGAS37836	
GCF_045690095.1	9	1	1838578	1838578	Complete Genome	99.67		Illumina NextSeq;Oxford Nanopore GridION	MGAS37839	
GCF_045690105.1	9	1	1838599	1838599	Complete Genome	99.72		Illumina NextSeq;Oxford Nanopore GridION	MGAS37842	
GCF_045690125.1	9	1	1838576	1838576	Complete Genome	99.72		Illumina NextSeq;Oxford Nanopore GridION	MGAS37848	
GCF_045690155.1	9	1	1842088	1842088	Complete Genome	99.39		Illumina NextSeq;Oxford Nanopore GridION	MGAS37854	
GCF_045690165.1	9	1	1838573	1838573	Complete Genome	99.32		Illumina NextSeq;Oxford Nanopore GridION	MGAS37859	
GCF_045690175.1	9	1	1838577	1838577	Complete Genome	99.72		Illumina NextSeq;Oxford Nanopore GridION	MGAS37861	
GCF_045690185.1	9	1	1838576	1838576	Complete Genome	99.72		Illumina NextSeq;Oxford Nanopore GridION	MGAS37637	
GCF_045690195.1	9	1	1837250	1837250	Complete Genome	99.72		Illumina NextSeq;Oxford Nanopore GridION	MGAS37641	
GCF_045690205.1	9	1	1844577	1844577	Complete Genome	99.72		Illumina NextSeq;Oxford Nanopore GridION	MGAS37642	
GCF_045690215.1	9	1	1838580	1838580	Complete Genome	99.72		Illumina NextSeq;Oxford Nanopore GridION	MGAS37644	
GCF_045690235.1	9	1	1831240	1831240	Complete Genome	99.72		Illumina NextSeq;Oxford Nanopore GridION	MGAS38289	
GCF_045690245.1	9	1	1838512	1838512	Complete Genome	99.72		Illumina NextSeq;Oxford Nanopore GridION	MGAS38337	
GCF_045690255.1	9	1	1838801	1838801	Complete Genome	99.72		Illumina NextSeq;Oxford Nanopore GridION	MGAS38343	
GCF_045690265.1	9	1	1838637	1838637	Complete Genome	99.72		Illumina NextSeq;Oxford Nanopore GridION	MGAS38362	
GCF_046498965.1	15	91	74176	1835267	Scaffold	98.45		Illumina MiSeq	MGAS8232sagslo	
GCF_046883085.1	10	36	147865	1779687	Scaffold	99.12		Illumina NovaSeq	232186	
GCF_046883165.1	10	35	147865	1779967	Scaffold	99.18		Illumina NovaSeq	950634	
GCF_047370775.1	3	51	208722	1930390	Scaffold	98.97		Illumina NovaSeq	967127	
GCF_050823505.1	12	1	1795127	1795127	Complete Genome	99.08		Oxford Nanopore GridION; Illumina NextSeq	DMG2301705	
GCF_050823515.1	9	1	1836143	1836143	Complete Genome	99.72		Oxford Nanopore GridION; Illumina NextSeq	DMG2211972	
GCF_050824005.1	13	1	1779058	1779058	Complete Genome	99.44		Oxford Nanopore GridION; Illumina NextSeq	DMG2301723	
GCF_051042455.1	13	377	76095	1936418	Scaffold	99.64	2.4	MGIs DNBSEQ	S9276	
GCF_051042475.1	9	181	123198	1802450	Scaffold	99.06	1.11	MGIs DNBSEQ	S9250	
GCF_051042495.1	9	34	122519	1814918	Scaffold	99.72	0.17	MGIs DNBSEQ	S9030	
GCF_051042515.1	5	244	155844	1811780	Scaffold	98.07	0.07	MGIs DNBSEQ	S8957	
GCF_051042535.1	14	115	234754	1986789	Scaffold	99.62	0.42	MGIs DNBSEQ	S9016	
GCF_051042555.1	9	142	123198	1830473	Scaffold	99.72	0.54	MGIs DNBSEQ	S8945	
GCF_051042575.1	10	178	181363	1891481	Scaffold	99.47	3.13	MGIs DNBSEQ	S8600	
GCF_051042595.1	13	61	287723	1799803	Scaffold	98.72	0.08	MGIs DNBSEQ	S8573	
GCF_051042615.1	10	56	181672	1803263	Scaffold	99.47	0.04	MGIs DNBSEQ	S8427	
GCF_051042635.1	9	64	123186	1810151	Scaffold	99.72		MGIs DNBSEQ	S8316	
GCF_051042655.1	10	67	181888	1858146	Scaffold	99.47		MGIs DNBSEQ	S8248	
GCF_051042675.1	9	72	123098	1771121	Scaffold	99.06	0.35	MGIs DNBSEQ	S8011	
GCF_051530245.1	9	1	1838599	1838599	Complete Genome	99.72		Illumina NextSeq;Oxford Nanopore GridION	MGAS37816	
GCF_051530255.1	9	1	1838572	1838572	Complete Genome	99.72		Illumina NextSeq;Oxford Nanopore GridION	MGAS37815	
GCF_051530265.1	9	1	1832431	1832431	Complete Genome	99.72		Illumina NextSeq;Oxford Nanopore GridION	MGAS37814	
GCF_051530275.1	9	1	1838598	1838598	Complete Genome	99.72		Illumina NextSeq;Oxford Nanopore GridION	MGAS37813	
GCF_051530295.1	9	1	1838591	1838591	Complete Genome	99.72		Illumina NextSeq;Oxford Nanopore GridION	MGAS37810	
GCF_051530305.1	9	1	1838576	1838576	Complete Genome	99.72		Illumina NextSeq;Oxford Nanopore GridION	MGAS37809	
GCF_051530315.1	9	1	1838578	1838578	Complete Genome	99.72		Illumina NextSeq;Oxford Nanopore GridION	MGAS37808	
GCF_051530325.1	9	1	1835595	1835595	Complete Genome	99.51		Illumina NextSeq;Oxford Nanopore GridION	MGAS37807	
GCF_051530385.1	9	1	1835529	1835529	Complete Genome	99.69		Illumina NextSeq;Oxford Nanopore GridION	MGAS37800	
GCF_051628085.1	15	1	1897626	1897626	Complete Genome	99.56		PacBio	M5	
GCF_054574805.1	15	40	143586	1835039	Scaffold	98.81		Illumina NovaSeq 6000	CGAS390	
GCF_054574825.1	15	40	133899	1834654	Scaffold	98.81		Illumina NovaSeq 6000	CGAS392	
GCF_054574835.1	15	39	133900	1834541	Scaffold	98.81		Illumina NovaSeq 6000	CGAS391	
GCF_054574865.1	9	33	101284	1900599	Scaffold	99.72		Illumina NovaSeq 6000	CGAS389	
GCF_054574875.1	9	33	101284	1900600	Scaffold	99.72		Illumina NovaSeq 6000	CGAS388	
GCF_054574905.1	12	21	192611	1725662	Scaffold	99.33		Illumina NovaSeq 6000	CGAS387	
GCF_054574925.1	10	40	99659	1854353	Scaffold	99.25		Illumina NovaSeq 6000	CGAS386	
GCF_054574945.1	10	37	99659	1854143	Scaffold	99.25		Illumina NovaSeq 6000	CGAS385	
GCF_054574955.1	9	30	123079	1861327	Scaffold	99.72		Illumina NovaSeq 6000	CGAS384	
GCF_054574985.1	15	40	144067	1835513	Scaffold	98.64		Illumina NovaSeq 6000	CGAS382	
GCF_054574995.1	10	38	99660	1853494	Scaffold	99.14		Illumina NovaSeq 6000	CGAS383	
GCF_054575025.1	10	38	99659	1854210	Scaffold	99.14		Illumina NovaSeq 6000	CGAS381	
GCF_054575045.1	5	20	162947	1818448	Scaffold	98.1		Illumina NovaSeq 6000	CGAS379	
GCF_054575055.1	9	23	162955	1863341	Scaffold	99.71		Illumina NovaSeq 6000	CGAS380	
GCF_054575085.1	11	22	260470	1948536	Scaffold	98.1	0.08	Illumina NovaSeq 6000	CGAS378	
GCF_054575105.1	9	31	101296	1901216	Scaffold	99.72		Illumina NovaSeq 6000	CGAS377	
GCF_054575115.1	9	31	101296	1901227	Scaffold	99.72		Illumina NovaSeq 6000	CGAS376	
GCF_054575145.1	9	31	101296	1901216	Scaffold	99.72		Illumina NovaSeq 6000	CGAS375	
GCF_054575165.1	5	16	162947	1747485	Scaffold	98.05		Illumina NovaSeq 6000	CGAS374	
GCF_054575175.1	5	16	162947	1747319	Scaffold	98.1		Illumina NovaSeq 6000	CGAS373	
GCF_054575205.1	10	36	101322	1854091	Scaffold	99.14		Illumina NovaSeq 6000	CGAS372	
GCF_054575225.1	12	30	241182	1823140	Scaffold	99.28	0.23	Illumina NovaSeq 6000	CGAS371	
GCF_054575245.1	12	30	241182	1823468	Scaffold	99.28	0.23	Illumina NovaSeq 6000	CGAS370	
GCF_054575265.1	10	33	99659	1820977	Scaffold	99.25		Illumina NovaSeq 6000	CGAS369	
GCF_054575285.1	12	31	304075	1917126	Scaffold	98.66		Illumina NovaSeq 6000	CGAS368	
GCF_054575305.1	10	33	99659	1821472	Scaffold	99.25		Illumina NovaSeq 6000	CGAS367	
GCF_054575325.1	10	34	99659	1852968	Scaffold	99.25		Illumina NovaSeq 6000	CGAS366	
GCF_054575345.1	10	38	99659	1854118	Scaffold	99.25		Illumina NovaSeq 6000	CGAS365	
GCF_054575365.1	15	40	143732	1834740	Scaffold	98.81		Illumina NovaSeq 6000	CGAS363	
GCF_054575375.1	9	31	101296	1902003	Scaffold	99.61		Illumina NovaSeq 6000	CGAS364	
GCF_054575405.1	10	45	99839	1850874	Scaffold	99.25		Illumina NovaSeq 6000	CGAS362	
GCF_054575425.1	10	28	183484	1756939	Scaffold	99.47		Illumina NovaSeq 6000	CGAS361	
GCF_054575445.1	9	31	101297	1865017	Scaffold	99.56		Illumina NovaSeq 6000	CGAS360	
GCF_054575465.1	9	32	117969	1840912	Scaffold	99.72		Illumina NovaSeq 6000	CGAS359	
GCF_054575485.1	9	33	117969	1841349	Scaffold	99.72		Illumina NovaSeq 6000	CGAS358	
GCF_054575505.1	5	23	178371	1792634	Scaffold	98.05		Illumina NovaSeq 6000	CGAS357	
GCF_054575525.1	3	24	172944	1859188	Scaffold	98.94		Illumina NovaSeq 6000	CGAS356	
GCF_054575545.1	5	25	113151	1818725	Scaffold	98.1		Illumina NovaSeq 6000	CGAS355	
GCF_054575565.1	9	33	123050	1901031	Scaffold	99.59		Illumina NovaSeq 6000	CGAS354	
GCF_054575585.1	9	26	163287	1902955	Scaffold	99.06		Illumina NovaSeq 6000	CGAS353	
GCF_054575605.1	6	25	205140	1889566	Scaffold	99.13	0.08	Illumina NovaSeq 6000	CGAS351	
GCF_054575625.1	10	37	99667	1850958	Scaffold	99.25		Illumina NovaSeq 6000	CGAS350	
GCF_054575645.1	9	31	123150	1900772	Scaffold	99.72		Illumina NovaSeq 6000	CGAS352	
GCF_054575665.1	5	16	178438	1774541	Scaffold	98.1		Illumina NovaSeq 6000	CGAS349	
GCF_054575685.1	10	37	99667	1851389	Scaffold	99.25		Illumina NovaSeq 6000	CGAS348	
GCF_054575705.1	10	38	99659	1852955	Scaffold	98.47		Illumina NovaSeq 6000	CGAS347	
GCF_054575725.1	9	31	123150	1900738	Scaffold	99.72		Illumina NovaSeq 6000	CGAS346	
GCF_054575745.1	10	39	99659	1853170	Scaffold	99.25		Illumina NovaSeq 6000	CGAS345	
GCF_054575765.1	11	22	308434	1796331	Scaffold	99.24		Illumina NovaSeq 6000	CGAS344	
GCF_054575785.1	10	33	99659	1821353	Scaffold	99.25		Illumina NovaSeq 6000	CGAS343	
GCF_054575805.1	9	27	123053	1906666	Scaffold	99.72		Illumina NovaSeq 6000	CGAS342	
GCF_054575825.1	9	30	101296	1901939	Scaffold	99.72		Illumina NovaSeq 6000	CGAS341	
GCF_054575845.1	10	34	99659	1821086	Scaffold	99.25		Illumina NovaSeq 6000	CGAS340	
GCF_054575865.1	10	35	99659	1852797	Scaffold	99.14		Illumina NovaSeq 6000	CGAS339	
GCF_054575885.1	10	39	99659	1854369	Scaffold	99.21		Illumina NovaSeq 6000	CGAS338	
GCF_054575905.1	11	21	267890	1857232	Scaffold	98.99	0.22	Illumina NovaSeq 6000	CGAS337	
GCF_054575925.1	10	30	99659	1825936	Scaffold	99.14		Illumina NovaSeq 6000	CGAS336	
GCF_054575945.1	9	27	123114	1863589	Scaffold	99.72		Illumina NovaSeq 6000	CGAS335	
GCF_054575965.1	10	32	99744	1849285	Scaffold	99.25		Illumina NovaSeq 6000	CGAS334	
GCF_054575985.1	10	36	99659	1854118	Scaffold	99.25		Illumina NovaSeq 6000	CGAS333	
GCF_054576005.1	10	35	99611	1853063	Scaffold	99.1		Illumina NovaSeq 6000	CGAS332	
GCF_054576025.1	10	39	99659	1853178	Scaffold	99.25		Illumina NovaSeq 6000	CGAS331	
GCF_054576045.1	9	33	123050	1901005	Scaffold	99.72		Illumina NovaSeq 6000	CGAS330	
GCF_054576065.1	10	39	99743	1854098	Scaffold	99.14		Illumina NovaSeq 6000	CGAS329	
GCF_054576085.1	10	41	99659	1854217	Scaffold	99.14		Illumina NovaSeq 6000	CGAS327	
GCF_054576105.1	10	50	121389	1848102	Scaffold	99.47		Illumina NovaSeq 6000	CGAS328	
GCF_054576125.1	10	38	99659	1854014	Scaffold	99.25		Illumina NovaSeq 6000	CGAS326	
GCF_054576145.1	9	31	123050	1900430	Scaffold	99.72		Illumina NovaSeq 6000	CGAS325	
GCF_054576165.1	10	38	99659	1854134	Scaffold	99.25		Illumina NovaSeq 6000	CGAS324	
GCF_054576185.1	9	34	123021	1902643	Scaffold	99.61		Illumina NovaSeq 6000	CGAS323	
GCF_054576205.1	10	32	101200	1826232	Scaffold	99.08		Illumina NovaSeq 6000	CGAS321	
GCF_054576225.1	10	45	99743	1852004	Scaffold	99.25		Illumina NovaSeq 6000	CGAS322	
GCF_054576245.1	10	39	99659	1874629	Scaffold	99.14		Illumina NovaSeq 6000	CGAS320	
GCF_054576265.1	10	44	99659	1852071	Scaffold	99.25		Illumina NovaSeq 6000	CGAS319	
GCF_054576285.1	10	43	99068	1851819	Scaffold	99.25		Illumina NovaSeq 6000	CGAS318	
GCF_054576305.1	10	38	99659	1851558	Scaffold	99.25		Illumina NovaSeq 6000	CGAS316	
GCF_054576325.1	10	32	148568	1853240	Scaffold	99.14		Illumina NovaSeq 6000	CGAS314	
GCF_054576345.1	10	45	99659	1852040	Scaffold	99.25		Illumina NovaSeq 6000	CGAS312	
GCF_054576365.1	9	31	122999	1900550	Scaffold	99.72		Illumina NovaSeq 6000	CGAS315	
GCF_054576385.1	10	32	149134	1814993	Scaffold	99.14		Illumina NovaSeq 6000	CGAS311	
GCF_054576405.1	10	31	99839	1848413	Scaffold	99.25		Illumina NovaSeq 6000	CGAS310	
GCF_054576445.1	10	38	99838	1854254	Scaffold	99.25		Illumina NovaSeq 6000	CGAS307	
GCF_054576465.1	5	23	155984	1774636	Scaffold	98.1		Illumina NovaSeq 6000	CGAS308	
GCF_054576485.1	10	39	99659	1851962	Scaffold	99.25		Illumina NovaSeq 6000	CGAS306	
GCF_054576505.1	10	30	99743	1848565	Scaffold	99.25		Illumina NovaSeq 6000	CGAS305	
GCF_054576525.1	10	27	101262	1818003	Scaffold	99.35		Illumina NovaSeq 6000	CGAS304	
GCF_054576545.1	5	16	178154	1773719	Scaffold	98.04		Illumina NovaSeq 6000	CGAS303	
GCF_054576605.1	4	19	267406	1828098	Scaffold	99.41	0.35	Illumina NovaSeq 6000	CGAS302	
GCF_054576645.1	12	46	180382	1836397	Scaffold	98.84	0.08	Illumina NovaSeq 6000	CGAS301	
GCF_054576665.1	9	32	101296	1839142	Scaffold	99.72		Illumina NovaSeq 6000	CGAS300	
GCF_054576685.1	4	13	270006	1829655	Scaffold	99.33	0.35	Illumina NovaSeq 6000	CGAS299	
GCF_054576705.1	4	13	270834	1829430	Scaffold	99.33	0.35	Illumina NovaSeq 6000	CGAS298	
GCF_054576785.1	10	36	99839	1853041	Scaffold	98.58		Illumina NovaSeq 6000	CGAS297	
GCF_054576805.1	12	19	256411	1659226	Scaffold	98.77	0.08	Illumina NovaSeq 6000	CGAS296	
GCF_054576825.1	10	36	99743	1853161	Scaffold	99.14		Illumina NovaSeq 6000	CGAS295	
GCF_054576865.1	7	24	249115	1848214	Scaffold	99.3		Illumina NovaSeq 6000	CGAS294	
GCF_054576885.1	9	30	101296	1901880	Scaffold	99.72		Illumina NovaSeq 6000	CGAS293	
GCF_054576905.1	12	33	257889	1810703	Scaffold	99.57		Illumina NovaSeq 6000	CGAS292	
GCF_054576925.1	9	25	203754	1799703	Scaffold	99.72		Illumina NovaSeq 6000	CGAS291	
GCF_054576945.1	10	39	99659	1853233	Scaffold	98.64		Illumina NovaSeq 6000	CGAS290	
GCF_054576965.1	10	38	148568	1817066	Scaffold	99.21		Illumina NovaSeq 6000	CGAS289	
GCF_054576985.1	4	15	295725	1820510	Scaffold	99.11		Illumina NovaSeq 6000	CGAS288	
GCF_054577005.1	10	31	149134	1816587	Scaffold	99.25		Illumina NovaSeq 6000	CGAS287	
GCF_054577025.1	9	36	123020	1909109	Scaffold	99.72		Illumina NovaSeq 6000	CGAS286	
GCF_054577045.1	9	32	123020	1900858	Scaffold	99.72		Illumina NovaSeq 6000	CGAS285	
GCF_054577065.1	10	40	99659	1854279	Scaffold	99.14		Illumina NovaSeq 6000	CGAS284	
GCF_054577085.1	5	16	178401	1774418	Scaffold	98.1		Illumina NovaSeq 6000	CGAS283	
GCF_054577105.1	9	32	123049	1900649	Scaffold	99.72		Illumina NovaSeq 6000	CGAS282	
GCF_054577145.1	10	38	99659	1852962	Scaffold	99.25		Illumina NovaSeq 6000	CGAS280	
GCF_054577165.1	10	38	99659	1852765	Scaffold	98.47		Illumina NovaSeq 6000	CGAS279	
GCF_054577185.1	9	33	101296	1900713	Scaffold	99.28		Illumina NovaSeq 6000	CGAS278	
GCF_054577205.1	9	32	123050	1900937	Scaffold	99.63		Illumina NovaSeq 6000	CGAS277	
GCF_054577225.1	9	32	123050	1900911	Scaffold	99.72		Illumina NovaSeq 6000	CGAS276	
GCF_054577245.1	10	36	148568	1817040	Scaffold	99.21		Illumina NovaSeq 6000	CGAS275	
GCF_054577265.1	9	32	101200	1900918	Scaffold	99.72		Illumina NovaSeq 6000	CGAS274	
GCF_054577285.1	10	36	99659	1853587	Scaffold	99.14		Illumina NovaSeq 6000	CGAS273	
GCF_054577305.1	14	31	248944	1929251	Scaffold	99.56		Illumina NovaSeq 6000	CGAS272	
GCF_054577325.1	10	37	99659	1853971	Scaffold	99.25		Illumina NovaSeq 6000	CGAS271	
GCF_054577345.1	9	32	123150	1900759	Scaffold	99.72		Illumina NovaSeq 6000	CGAS270	
GCF_054577365.1	5	19	195294	1813515	Scaffold	98.1		Illumina NovaSeq 6000	CGAS269	
GCF_054577385.1	10	35	99658	1821024	Scaffold	99.25		Illumina NovaSeq 6000	CGAS267	
GCF_054577405.1	9	33	123050	1900996	Scaffold	99.72		Illumina NovaSeq 6000	CGAS268	
GCF_054577505.1	9	32	123135	1905640	Scaffold	99.72		Illumina NovaSeq 6000	CGAS265	
GCF_054577525.1	9	30	123051	1900683	Scaffold	99.72		Illumina NovaSeq 6000	CGAS264	
GCF_054577545.1	10	38	102175	1853366	Scaffold	99.14		Illumina NovaSeq 6000	CGAS263	
GCF_054577565.1	9	28	123100	1861924	Scaffold	99.63		Illumina NovaSeq 6000	CGAS262	
GCF_054577585.1	9	26	123135	1906337	Scaffold	99.72		Illumina NovaSeq 6000	CGAS260	
GCF_054577605.1	9	30	101296	1901967	Scaffold	99.72		Illumina NovaSeq 6000	CGAS261	
GCF_054577625.1	9	26	123135	1906337	Scaffold	99.72		Illumina NovaSeq 6000	CGAS259	
GCF_054577685.1	9	34	123050	1900476	Scaffold	99.72		Illumina NovaSeq 6000	CGAS256	
GCF_054577705.1	5	18	178345	1774198	Scaffold	98.05		Illumina NovaSeq 6000	CGAS255	
GCF_054577725.1	5	18	162947	1774252	Scaffold	98.1		Illumina NovaSeq 6000	CGAS254	
GCF_054577745.1	12	23	226858	1789869	Scaffold	99.33		Illumina NovaSeq 6000	CGAS250	
GCF_054577765.1	6	17	205293	1854323	Scaffold	99.16		Illumina NovaSeq 6000	CGAS253	
GCF_054577785.1	9	29	123115	1861126	Scaffold	99.72		Illumina NovaSeq 6000	CGAS251	
GCF_054577805.1	9	30	101296	1901928	Scaffold	99.72		Illumina NovaSeq 6000	CGAS249	
GCF_054577825.1	10	35	99659	1852978	Scaffold	99.14		Illumina NovaSeq 6000	CGAS247	
GCF_054577845.1	5	16	178149	1773824	Scaffold	98.1		Illumina NovaSeq 6000	CGAS248	
GCF_054577865.1	10	31	99659	1826698	Scaffold	99.25		Illumina NovaSeq 6000	CGAS246	
GCF_054577885.1	10	33	99659	1821270	Scaffold	99.25		Illumina NovaSeq 6000	CGAS245	
GCF_054577905.1	10	36	99659	1854285	Scaffold	99.21		Illumina NovaSeq 6000	CGAS244	
GCF_054577925.1	10	40	99659	1850690	Scaffold	99.25		Illumina NovaSeq 6000	CGAS243	
GCF_054577945.1	9	27	123053	1906666	Scaffold	99.72		Illumina NovaSeq 6000	CGAS242	
GCF_054577965.1	10	39	99659	1854088	Scaffold	99.25		Illumina NovaSeq 6000	CGAS241	
GCF_054577985.1	10	32	99659	1821087	Scaffold	99.25		Illumina NovaSeq 6000	CGAS238	
GCF_054578005.1	10	39	99659	1854286	Scaffold	99.14		Illumina NovaSeq 6000	CGAS236	
GCF_054578025.1	10	35	99659	1852977	Scaffold	99.14		Illumina NovaSeq 6000	CGAS237	
GCF_054578045.1	10	29	99659	1826544	Scaffold	99.25		Illumina NovaSeq 6000	CGAS234	
GCF_054578065.1	10	36	99659	1853984	Scaffold	99.21		Illumina NovaSeq 6000	CGAS235	
GCF_054578085.1	10	36	99659	1852806	Scaffold	99.14		Illumina NovaSeq 6000	CGAS233	
GCF_054578105.1	9	31	123150	1901020	Scaffold	99.72		Illumina NovaSeq 6000	CGAS231	
GCF_054578125.1	10	28	99659	1825920	Scaffold	99.04		Illumina NovaSeq 6000	CGAS232	
GCF_054578145.1	9	32	123050	1900575	Scaffold	99.72		Illumina NovaSeq 6000	CGAS230	
GCF_054578165.1	9	26	123083	1906392	Scaffold	99.72		Illumina NovaSeq 6000	CGAS229	
GCF_054578185.1	9	30	123050	1900313	Scaffold	99.71		Illumina NovaSeq 6000	CGAS228	
GCF_054578205.1	15	45	156614	1916745	Scaffold	99.25	0.08	Illumina NovaSeq 6000	CGAS227	
GCF_054578225.1	10	35	99611	1853076	Scaffold	99.1		Illumina NovaSeq 6000	CGAS224	
GCF_054578245.1	6	32	175687	1827598	Scaffold	99.16		Illumina NovaSeq 6000	CGAS226	
GCF_054578265.1	9	27	123119	1863668	Scaffold	99.72		Illumina NovaSeq 6000	CGAS223	
GCF_054578285.1	11	26	234590	1796433	Scaffold	99.24		Illumina NovaSeq 6000	CGAS225	
GCF_054578305.1	9	31	123051	1900665	Scaffold	99.72		Illumina NovaSeq 6000	CGAS222	
GCF_054578325.1	9	27	118102	1898598	Scaffold	99.71		Illumina NovaSeq 6000	CGAS221	
GCF_054578345.1	10	39	99659	1854234	Scaffold	99.14		Illumina NovaSeq 6000	CGAS220	
GCF_054578365.1	5	16	178295	1774412	Scaffold	97.87		Illumina NovaSeq 6000	CGAS219	
GCF_054578385.1	10	38	99659	1854142	Scaffold	99.14		Illumina NovaSeq 6000	CGAS218	
GCF_054578405.1	10	35	99659	1853420	Scaffold	99.25		Illumina NovaSeq 6000	CGAS217	
GCF_054578425.1	5	16	178585	1774200	Scaffold	98.1		Illumina NovaSeq 6000	CGAS216	
GCF_054578445.1	9	31	123051	1900825	Scaffold	99.72		Illumina NovaSeq 6000	CGAS215	
GCF_054578465.1	12	36	180283	1835746	Scaffold	98.84	0.08	Illumina NovaSeq 6000	CGAS214	
GCF_054578485.1	9	39	100132	1901067	Scaffold	99.72		Illumina NovaSeq 6000	CGAS213	
GCF_054578505.1	9	27	123035	1902515	Scaffold	99.72		Illumina NovaSeq 6000	CGAS212	
GCF_054578525.1	9	34	101296	1900973	Scaffold	99.56		Illumina NovaSeq 6000	CGAS210	
GCF_054578545.1	10	40	178324	1802396	Scaffold	99.01		Illumina NovaSeq 6000	CGAS211	
GCF_054578565.1	9	26	123083	1818875	Scaffold	99.61		Illumina NovaSeq 6000	CGAS209	
GCF_054578585.1	9	34	123074	1862994	Scaffold	99.72		Illumina NovaSeq 6000	CGAS207	
GCF_054578605.1	12	19	274695	1772224	Scaffold	98.83	0.33	Illumina NovaSeq 6000	CGAS208	
GCF_054578625.1	10	33	112422	1816823	Scaffold	99.25		Illumina NovaSeq 6000	CGAS206	
GCF_054578645.1	1	34	156727	1897696	Scaffold	98.94	0.27	Illumina NovaSeq 6000	CGAS205	
GCF_054578665.1	1	32	163226	1884339	Scaffold	99.67	0.27	Illumina NovaSeq 6000	CGAS204	
GCF_054578685.1	1	55	162995	1866184	Scaffold	99.59		Illumina NovaSeq 6000	CGAS203	
GCF_054578705.1	10	32	99839	1849185	Scaffold	99.25		Illumina NovaSeq 6000	CGAS202	
GCF_054578725.1	9	32	101284	1902034	Scaffold	99.72		Illumina NovaSeq 6000	CGAS201	
GCF_054578745.1	9	33	117837	1863774	Scaffold	99.72		Illumina NovaSeq 6000	CGAS199	
GCF_054578765.1	9	30	101296	1901742	Scaffold	99.72		Illumina NovaSeq 6000	CGAS198	
GCF_054578785.1	7	31	243530	1853014	Scaffold	99.3		Illumina NovaSeq 6000	CGAS200	
GCF_054578805.1	9	30	101295	1901944	Scaffold	99.72		Illumina NovaSeq 6000	CGAS197	
GCF_054578825.1	10	36	101083	1828286	Scaffold	99.25		Illumina NovaSeq 6000	CGAS195	
GCF_054578845.1	10	35	99062	1819104	Scaffold	99.21		Illumina NovaSeq 6000	CGAS196	
GCF_054578865.1	14	22	162857	1817255	Scaffold	98.37		Illumina NovaSeq 6000	CGAS194	
GCF_054578885.1	12	26	271070	1842094	Scaffold	99.01	0.08	Illumina NovaSeq 6000	CGAS192	
GCF_054578905.1	5	19	162947	1776305	Scaffold	98.1		Illumina NovaSeq 6000	CGAS193	
GCF_054578925.1	10	36	99659	1853154	Scaffold	98.75		Illumina NovaSeq 6000	CGAS191	
GCF_054578935.1	10	29	148567	1782876	Scaffold	99.25		Illumina NovaSeq 6000	CGAS190	
GCF_054578985.1	10	40	99743	1854152	Scaffold	99.25		Illumina NovaSeq 6000	CGAS188	
GCF_054579005.1	10	39	99659	1854333	Scaffold	99.25		Illumina NovaSeq 6000	CGAS187	
GCF_054579025.1	10	42	99659	1852949	Scaffold	99.25		Illumina NovaSeq 6000	CGAS186	
GCF_054579045.1	10	39	99659	1852870	Scaffold	99.25		Illumina NovaSeq 6000	CGAS185	
GCF_054579065.1	10	37	99659	1852938	Scaffold	99.25		Illumina NovaSeq 6000	CGAS183	
GCF_054579085.1	10	38	99659	1852436	Scaffold	99.25		Illumina NovaSeq 6000	CGAS184	
GCF_054579105.1	6	32	175681	1827587	Scaffold	99.16		Illumina NovaSeq 6000	CGAS180	
GCF_054579125.1	10	29	99659	1825823	Scaffold	99.25		Illumina NovaSeq 6000	CGAS181	
GCF_054579145.1	12	59	102330	1862870	Scaffold	99.28		Illumina NovaSeq 6000	CGAS182	
GCF_054579165.1	1	61	162910	1881033	Scaffold	99.59		Illumina NovaSeq 6000	CGAS178	
GCF_054579185.1	15	41	143801	1834956	Scaffold	98.81		Illumina NovaSeq 6000	CGAS179	
GCF_054579205.1	10	46	99434	1853380	Scaffold	99.25		Illumina NovaSeq 6000	CGAS177	
GCF_054579225.1	10	31	148568	1815111	Scaffold	99.14		Illumina NovaSeq 6000	CGAS176	
GCF_054579245.1	10	34	99659	1821359	Scaffold	99.15		Illumina NovaSeq 6000	CGAS175	
GCF_054579265.1	10	28	162826	1860811	Scaffold	99.34		Illumina NovaSeq 6000	CGAS174	
GCF_054579285.1	10	33	99659	1852652	Scaffold	99.25		Illumina NovaSeq 6000	CGAS173	
GCF_054579305.1	10	33	99659	1852713	Scaffold	99.25		Illumina NovaSeq 6000	CGAS172	
GCF_054579325.1	10	34	99743	1852768	Scaffold	99.25		Illumina NovaSeq 6000	CGAS171	
GCF_054579345.1	10	33	99743	1852725	Scaffold	99.25		Illumina NovaSeq 6000	CGAS170	
GCF_054579365.1	9	36	101296	1901001	Scaffold	99.13		Illumina NovaSeq 6000	CGAS168	
GCF_054579405.1	9	36	101296	1900901	Scaffold	99.13		Illumina NovaSeq 6000	CGAS167	
GCF_054579425.1	12	29	177044	1888888	Scaffold	98.33	0.49	Illumina NovaSeq 6000	CGAS166	
GCF_054579445.1	9	31	123146	1901053	Scaffold	99.69		Illumina NovaSeq 6000	CGAS165	
GCF_054579465.1	1	28	184127	1846568	Scaffold	99.52		Illumina NovaSeq 6000	CGAS164	
GCF_054579485.1	9	27	123215	1863850	Scaffold	99.72		Illumina NovaSeq 6000	CGAS162	
GCF_054579505.1	5	21	155996	1801788	Scaffold	98.1		Illumina NovaSeq 6000	CGAS161	
GCF_054579525.1	10	34	99659	1760022	Scaffold	98.81		Illumina NovaSeq 6000	CGAS160	
GCF_054579545.1	10	36	99839	1821028	Scaffold	98.58		Illumina NovaSeq 6000	CGAS159	
GCF_054579565.1	10	38	87709	1854642	Scaffold	99.25		Illumina NovaSeq 6000	CGAS158	
GCF_054579585.1	9	31	123215	1861294	Scaffold	99.72		Illumina NovaSeq 6000	CGAS157	
GCF_054579605.1	6	24	205310	1890259	Scaffold	99.13	0.08	Illumina NovaSeq 6000	CGAS155	
GCF_054579625.1	10	32	99659	1820968	Scaffold	99.25		Illumina NovaSeq 6000	CGAS156	
GCF_054579645.1	10	34	99659	1853478	Scaffold	99.25		Illumina NovaSeq 6000	CGAS154	
GCF_054579665.1	5	16	162947	1747547	Scaffold	98.1		Illumina NovaSeq 6000	CGAS153	
GCF_054579685.1	10	38	99659	1854353	Scaffold	99.25		Illumina NovaSeq 6000	CGAS152	
GCF_054579705.1	5	16	162946	1794050	Scaffold	97.98		Illumina NovaSeq 6000	CGAS151	
GCF_054579725.1	6	24	205310	1890092	Scaffold	99.13	0.08	Illumina NovaSeq 6000	CGAS150	
GCF_054579745.1	15	45	143422	1850334	Scaffold	98.81		Illumina NovaSeq 6000	CGAS149	
GCF_054579765.1	10	27	148741	1882092	Scaffold	98.65	0.04	Illumina NovaSeq 6000	CGAS148	
GCF_054579785.1	7	29	243530	1853147	Scaffold	99.3		Illumina NovaSeq 6000	CGAS147	
GCF_054579805.1	9	27	122974	1863452	Scaffold	99.72		Illumina NovaSeq 6000	CGAS145	
GCF_054579825.1	9	30	101296	1902071	Scaffold	99.72		Illumina NovaSeq 6000	CGAS146	
GCF_054579845.1	12	19	202006	1774150	Scaffold	98.8		Illumina NovaSeq 6000	CGAS144	
GCF_054579865.1	10	40	99659	1821821	Scaffold	99.25		Illumina NovaSeq 6000	CGAS143	
GCF_054579885.1	10	34	148568	1816226	Scaffold	99.25		Illumina NovaSeq 6000	CGAS142	
GCF_054579905.1	10	37	99839	1854222	Scaffold	99.25		Illumina NovaSeq 6000	CGAS139	
GCF_054579925.1	5	21	178407	1787084	Scaffold	98.1		Illumina NovaSeq 6000	CGAS141	
GCF_054579945.1	10	35	99659	1853036	Scaffold	99.25		Illumina NovaSeq 6000	CGAS140	
GCF_054579965.1	10	34	99839	1821259	Scaffold	98.58		Illumina NovaSeq 6000	CGAS137	
GCF_054579985.1	15	39	144214	1879702	Scaffold	99.17	0.08	Illumina NovaSeq 6000	CGAS138	
GCF_054580005.1	10	35	99659	1853293	Scaffold	99.25		Illumina NovaSeq 6000	CGAS135	
GCF_054580025.1	10	37	99659	1853588	Scaffold	99.25		Illumina NovaSeq 6000	CGAS136	
GCF_054580045.1	10	37	99839	1853830	Scaffold	99.25		Illumina NovaSeq 6000	CGAS134	
GCF_054580065.1	9	26	122990	1906389	Scaffold	99.72		Illumina NovaSeq 6000	CGAS133	
GCF_054580085.1	10	36	99659	1821196	Scaffold	99.25		Illumina NovaSeq 6000	CGAS131	
GCF_054580105.1	10	34	99659	1852852	Scaffold	99.14		Illumina NovaSeq 6000	CGAS130	
GCF_054580125.1	9	28	122990	1906426	Scaffold	99.72		Illumina NovaSeq 6000	CGAS129	
GCF_054580145.1	11	22	308419	1796329	Scaffold	99.24		Illumina NovaSeq 6000	CGAS128	
GCF_054580165.1	10	41	99658	1854314	Scaffold	99.25		Illumina NovaSeq 6000	CGAS127	
GCF_054580185.1	9	34	123150	1900771	Scaffold	99.68		Illumina NovaSeq 6000	CGAS126	
GCF_054580205.1	11	22	258390	1796572	Scaffold	99.24		Illumina NovaSeq 6000	CGAS125	
GCF_054580225.1	5	18	162947	1793592	Scaffold	98.1		Illumina NovaSeq 6000	CGAS124	
GCF_054580245.1	11	28	192305	1795603	Scaffold	99.24		Illumina NovaSeq 6000	CGAS123	
GCF_054580265.1	10	38	99839	1854108	Scaffold	99.14		Illumina NovaSeq 6000	CGAS122	
GCF_054580285.1	9	30	123150	1902131	Scaffold	99.72		Illumina NovaSeq 6000	CGAS121	
GCF_054580305.1	9	27	123050	1898505	Scaffold	99.72		Illumina NovaSeq 6000	CGAS120	
GCF_054580325.1	10	37	99743	1853250	Scaffold	99.25		Illumina NovaSeq 6000	CGAS119	
GCF_054580345.1	3	34	209987	1908527	Scaffold	99.03		Illumina NovaSeq 6000	CGAS118	
GCF_054580365.1	15	38	144084	1835287	Scaffold	98.81		Illumina NovaSeq 6000	CGAS117	
GCF_054580385.1	5	16	230637	1764691	Scaffold	97.65		Illumina NovaSeq 6000	CGAS115	
GCF_054580405.1	5	20	162947	1773987	Scaffold	98.1		Illumina NovaSeq 6000	CGAS116	
GCF_054580425.1	5	17	216917	1816308	Scaffold	97.62		Illumina NovaSeq 6000	CGAS114	
GCF_054580445.1	9	31	123035	1900711	Scaffold	99.72		Illumina NovaSeq 6000	CGAS113	
GCF_054580465.1	3	26	209987	1908855	Scaffold	99.03		Illumina NovaSeq 6000	CGAS112	
GCF_054580485.1	1	60	162908	1882222	Scaffold	99.59		Illumina NovaSeq 6000	CGAS111	
GCF_054580505.1	9	33	123150	1900871	Scaffold	99.72		Illumina NovaSeq 6000	CGAS110	
GCF_054580525.1	10	39	99659	1853573	Scaffold	99.14		Illumina NovaSeq 6000	CGAS109	
GCF_054580545.1	9	33	142901	1863675	Scaffold	99.67		Illumina NovaSeq 6000	CGAS108	
GCF_054580565.1	5	19	162915	1774923	Scaffold	98.1		Illumina NovaSeq 6000	CGAS107	
GCF_054580585.1	9	41	101284	1901542	Scaffold	99.31		Illumina NovaSeq 6000	CGAS106	
GCF_054580605.1	9	36	123150	1901083	Scaffold	99.72		Illumina NovaSeq 6000	CGAS105	
GCF_054580625.1	5	21	178401	1816580	Scaffold	98.06		Illumina NovaSeq 6000	CGAS104	
GCF_054580645.1	6	29	193854	1786170	Scaffold	99.38		Illumina NovaSeq 6000	CGAS103	
GCF_054580665.1	9	28	123150	1899125	Scaffold	99.72		Illumina NovaSeq 6000	CGAS102	
GCF_054580685.1	4	18	270813	1861811	Scaffold	99.44	0.35	Illumina NovaSeq 6000	CGAS101	
GCF_054580705.1	9	41	101317	1901299	Scaffold	99.72		Illumina NovaSeq 6000	CGAS100	
GCF_054580725.1	10	38	99743	1854263	Scaffold	99.25		Illumina NovaSeq 6000	CGAS098	
GCF_054580745.1	9	34	101296	1900569	Scaffold	99.72		Illumina NovaSeq 6000	CGAS099	
GCF_054580765.1	15	28	206276	1829980	Scaffold	99.59		Illumina NovaSeq 6000	CGAS097	
GCF_054580785.1	9	35	123134	1905312	Scaffold	99.72		Illumina NovaSeq 6000	CGAS095	
GCF_054580805.1	10	40	98792	1852232	Scaffold	99.25		Illumina NovaSeq 6000	CGAS096	
GCF_054580825.1	1	29	183793	1847149	Scaffold	99.46		Illumina NovaSeq 6000	CGAS094	
GCF_054580845.1	10	37	99659	1853570	Scaffold	99.14		Illumina NovaSeq 6000	CGAS092	
GCF_054580855.1	12	35	134813	1793953	Scaffold	98.98		Illumina NovaSeq 6000	CGAS093	
GCF_054580885.1	9	30	101296	1901909	Scaffold	99.72		Illumina NovaSeq 6000	CGAS091	
GCF_054580905.1	10	38	99743	1887703	Scaffold	99.14		Illumina NovaSeq 6000	CGAS090	
GCF_054580925.1	10	38	99659	1853629	Scaffold	99.14		Illumina NovaSeq 6000	CGAS089	
GCF_054580945.1	9	30	101296	1901809	Scaffold	99.72		Illumina NovaSeq 6000	CGAS088	
GCF_054580965.1	6	39	175692	1859361	Scaffold	99.28		Illumina NovaSeq 6000	CGAS087	
GCF_054580985.1	12	50	80491	1865966	Scaffold	98.92	0.17	Illumina NovaSeq 6000	CGAS086	
GCF_054581005.1	10	35	99659	1821100	Scaffold	99.21		Illumina NovaSeq 6000	CGAS085	
GCF_054581025.1	10	31	149134	1815031	Scaffold	99.14		Illumina NovaSeq 6000	CGAS084	
GCF_054581045.1	4	14	270003	1832385	Scaffold	99.28	0.35	Illumina NovaSeq 6000	CGAS082	
GCF_054581065.1	10	36	99659	1853270	Scaffold	99.25		Illumina NovaSeq 6000	CGAS083	
GCF_054581085.1	10	33	99659	1848487	Scaffold	99.14		Illumina NovaSeq 6000	CGAS081	
GCF_054581105.1	9	34	122964	1900976	Scaffold	99.68		Illumina NovaSeq 6000	CGAS080	
GCF_054581125.1	9	32	123050	1900824	Scaffold	99.72		Illumina NovaSeq 6000	CGAS079	
GCF_054581145.1	1	38	148585	1876042	Scaffold	99.63		Illumina NovaSeq 6000	CGAS078	
GCF_054581165.1	5	16	178453	1774434	Scaffold	98.1		Illumina NovaSeq 6000	CGAS077	
GCF_054581185.1	12	22	285220	1866724	Scaffold	99.14	0.08	Illumina NovaSeq 6000	CGAS076	
GCF_054581205.1	10	41	99743	1854319	Scaffold	99.14		Illumina NovaSeq 6000	CGAS075	
GCF_054581225.1	10	37	99659	1853762	Scaffold	99.25		Illumina NovaSeq 6000	CGAS074	
GCF_054581245.1	5	16	162947	1794098	Scaffold	98.1		Illumina NovaSeq 6000	CGAS073	
GCF_054581265.1	7	29	234358	1852529	Scaffold	99.17		Illumina NovaSeq 6000	CGAS072	
GCF_054581285.1	4	14	278171	1864657	Scaffold	99.44	0.35	Illumina NovaSeq 6000	CGAS070	
GCF_054581305.1	4	14	295948	1874372	Scaffold	99.44	0.35	Illumina NovaSeq 6000	CGAS071	
GCF_054581325.1	10	41	99658	1854339	Scaffold	99.25		Illumina NovaSeq 6000	CGAS069	
GCF_054581345.1	5	20	155817	1753765	Scaffold	97.76		Illumina NovaSeq 6000	CGAS068	
GCF_054581365.1	12	28	182645	1796829	Scaffold	98.69	0.08	Illumina NovaSeq 6000	CGAS067	
GCF_054581385.1	12	37	162984	1795980	Scaffold	98.69	0.08	Illumina NovaSeq 6000	CGAS066	
GCF_054581405.1	11	25	258462	1795737	Scaffold	99.24		Illumina NovaSeq 6000	CGAS065	
GCF_054581425.1	10	37	99659	1849277	Scaffold	99.25		Illumina NovaSeq 6000	CGAS064	
GCF_054581445.1	12	25	162979	1853833	Scaffold	99.0	0.24	Illumina NovaSeq 6000	CGAS063	
GCF_054581465.1	10	37	99659	1849017	Scaffold	99.25		Illumina NovaSeq 6000	CGAS062	
GCF_054581485.1	12	17	225861	1752838	Scaffold	99.62		Illumina NovaSeq 6000	CGAS061	
GCF_054581505.1	5	18	178502	1777634	Scaffold	98.1		Illumina NovaSeq 6000	CGAS060	
GCF_054581545.1	10	34	99611	1853356	Scaffold	99.14		Illumina NovaSeq 6000	CGAS058	
GCF_054581565.1	9	40	101296	1901023	Scaffold	99.72		Illumina NovaSeq 6000	CGAS057	
GCF_054581585.1	12	32	183643	1887535	Scaffold	98.48	0.49	Illumina NovaSeq 6000	CGAS056	
GCF_054581605.1	10	32	148568	1816410	Scaffold	99.25		Illumina NovaSeq 6000	CGAS055	
GCF_054581625.1	10	36	99744	1853184	Scaffold	99.14		Illumina NovaSeq 6000	CGAS054	
GCF_054581665.1	9	34	123065	1901099	Scaffold	99.72		Illumina NovaSeq 6000	CGAS052	
GCF_054581685.1	10	28	162824	1782772	Scaffold	99.25		Illumina NovaSeq 6000	CGAS051	
GCF_054581705.1	10	37	99659	1853072	Scaffold	99.14		Illumina NovaSeq 6000	CGAS050	
GCF_054581725.1	10	33	162824	1751998	Scaffold	99.14		Illumina NovaSeq 6000	CGAS049	
GCF_054581745.1	15	38	159086	1850218	Scaffold	98.81		Illumina NovaSeq 6000	CGAS048	
GCF_054581765.1	15	54	143735	1872956	Scaffold	98.81		Illumina NovaSeq 6000	CGAS047	
GCF_054581785.1	10	38	99658	1854415	Scaffold	99.25		Illumina NovaSeq 6000	CGAS046	
GCF_054581805.1	9	35	100417	1900518	Scaffold	99.72		Illumina NovaSeq 6000	CGAS045	
GCF_054581825.1	14	14	295934	1930698	Scaffold	99.62		Illumina NovaSeq 6000	CGAS044	
GCF_054581845.1	15	42	161061	1916746	Scaffold	99.28	0.08	Illumina NovaSeq 6000	CGAS043	
GCF_054581865.1	15	33	91941	1866229	Scaffold	99.33		Illumina NovaSeq 6000	CGAS041	
GCF_054581885.1	10	39	99659	1854369	Scaffold	99.14		Illumina NovaSeq 6000	CGAS042	
GCF_054581905.1	10	36	99659	1854027	Scaffold	99.14		Illumina NovaSeq 6000	CGAS040	
GCF_054581925.1	7	28	250233	1853009	Scaffold	99.17		Illumina NovaSeq 6000	CGAS039	
GCF_054581945.1	7	25	227676	1887986	Scaffold	99.3		Illumina NovaSeq 6000	CGAS038	
GCF_054581965.1	9	34	123118	1863111	Scaffold	99.72		Illumina NovaSeq 6000	CGAS037	
GCF_054581985.1	10	40	99659	1852464	Scaffold	99.25		Illumina NovaSeq 6000	CGAS036	
GCF_054582005.1	10	32	99659	1820949	Scaffold	99.25		Illumina NovaSeq 6000	CGAS035	
GCF_054582025.1	10	37	99659	1853943	Scaffold	99.14		Illumina NovaSeq 6000	CGAS034	
GCF_054582045.1	11	24	175551	1935001	Scaffold	98.19	0.17	Illumina NovaSeq 6000	CGAS033	
GCF_054582065.1	10	36	99743	1853431	Scaffold	99.14		Illumina NovaSeq 6000	CGAS031	
GCF_054582085.1	10	33	148568	1816719	Scaffold	99.25		Illumina NovaSeq 6000	CGAS032	
GCF_054582105.1	10	39	99659	1852061	Scaffold	99.25		Illumina NovaSeq 6000	CGAS030	
GCF_054582125.1	9	31	101296	1902000	Scaffold	99.72		Illumina NovaSeq 6000	CGAS029	
GCF_054582145.1	10	33	99839	1820499	Scaffold	99.25		Illumina NovaSeq 6000	CGAS028	
GCF_054582165.1	10	37	99659	1854225	Scaffold	99.14		Illumina NovaSeq 6000	CGAS027	
GCF_054582185.1	9	28	123216	1902822	Scaffold	99.72		Illumina NovaSeq 6000	CGAS026	
GCF_054582205.1	10	45	122247	1887555	Scaffold	99.47		Illumina NovaSeq 6000	CGAS025	
GCF_054582225.1	10	47	121389	1887395	Scaffold	99.47		Illumina NovaSeq 6000	CGAS024	
GCF_054582245.1	9	31	101296	1902169	Scaffold	99.72		Illumina NovaSeq 6000	CGAS023	
GCF_054582265.1	10	33	99659	1821153	Scaffold	99.25		Illumina NovaSeq 6000	CGAS022	
GCF_054582285.1	9	32	123050	1900634	Scaffold	99.56		Illumina NovaSeq 6000	CGAS021	
GCF_054582305.1	9	31	123053	1905606	Scaffold	99.72		Illumina NovaSeq 6000	CGAS020	
GCF_054582325.1	10	37	99659	1854300	Scaffold	99.25		Illumina NovaSeq 6000	CGAS019	
GCF_054582345.1	9	31	123050	1900541	Scaffold	99.61		Illumina NovaSeq 6000	CGAS018	
GCF_054582365.1	9	30	101284	1902070	Scaffold	99.72		Illumina NovaSeq 6000	CGAS017	
GCF_054582385.1	9	33	123215	1863115	Scaffold	99.72		Illumina NovaSeq 6000	CGAS016	
GCF_054582405.1	10	40	99659	1854119	Scaffold	99.25		Illumina NovaSeq 6000	CGAS015	
GCF_054582425.1	9	32	123050	1900964	Scaffold	99.72		Illumina NovaSeq 6000	CGAS014	
GCF_054582445.1	10	37	99659	1853944	Scaffold	99.25		Illumina NovaSeq 6000	CGAS013	
GCF_054582465.1	9	31	123050	1900591	Scaffold	99.61		Illumina NovaSeq 6000	CGAS012	
GCF_054582485.1	5	18	162946	1773831	Scaffold	98.1		Illumina NovaSeq 6000	CGAS011	
GCF_054582505.1	14	26	162859	1806759	Scaffold	97.94	0.4	Illumina NovaSeq 6000	CGAS010	
GCF_054582525.1	10	32	149134	1811242	Scaffold	99.14		Illumina NovaSeq 6000	CGAS009	
GCF_054582545.1	10	39	99743	1853549	Scaffold	99.14		Illumina NovaSeq 6000	CGAS008	
GCF_054582565.1	10	33	148568	1818451	Scaffold	99.25		Illumina NovaSeq 6000	CGAS007	
GCF_054582585.1	10	41	99839	1854023	Scaffold	99.25		Illumina NovaSeq 6000	CGAS006	
GCF_054582625.1	10	28	131082	1834837	Scaffold	99.25		Illumina NovaSeq 6000	CGAS004	
GCF_054582645.1	10	30	131082	1834345	Scaffold	99.25		Illumina NovaSeq 6000	CGAS003	
GCF_054582665.1	9	33	123050	1900580	Scaffold	99.72		Illumina NovaSeq 6000	CGAS002	
GCF_054582685.1	10	33	99659	1849868	Scaffold	99.14		Illumina NovaSeq 6000	CGAS001	
GCF_055179635.1	14	1	1837693	1837693	Complete Genome	98.78	0.07	Oxford Nanopore GridION	DJR5XW	
GCF_055361585.1	15	1	1933860	1933860	Chromosome	99.24	0.11	PacBio RSII; Illumina	Carrier10	
GCF_055361625.1	1	1	1887610	1887610	Complete Genome	99.49		PacBio RSII; Illumina	Carrier9	
GCF_055361645.1	5	1	1779818	1779818	Chromosome	98.1	0.49	PacBio RSII; Illumina	Carrier8	
GCF_055361665.1	9	1	1745579	1745579	Chromosome	99.06		PacBio RSII; Illumina	Carrier7	
GCF_055361685.1	9	1	1835818	1835818	Complete Genome	99.61		PacBio RSII; Illumina	Carrier6	
GCF_055361705.1	5	1	1747469	1747469	Complete Genome	98.1		PacBio RSII; Illumina	Carrier3	
GCF_055361715.1	5	1	1729940	1729940	Complete Genome	98.1		PacBio RSII; Illumina	Carrier5	
GCF_055361745.1	1	1	1854376	1854376	Chromosome	99.52		PacBio RSII; Illumina	Carrier2	
GCF_055361765.1	15	1	1873697	1873697	Complete Genome	99.32	0.31	PacBio RSII; Illumina	Carrier1	
GCF_055361785.1	3	1	1851429	1851429	Complete Genome	98.94		PacBio RSII; Illumina	Acute43	
GCF_055361805.1	5	1	1836729	1836729	Complete Genome	98.76		PacBio RSII; Illumina	Acute37	
GCF_055361825.1	5	1	1715094	1715094	Complete Genome	98.1		PacBio RSII; Illumina	Acute27	
GCF_055361835.1	5	1	1833439	1833439	Complete Genome	98.1		PacBio RSII; Illumina	Acute26	
GCF_055361865.1	5	1	1721698	1721698	Complete Genome	98.1		PacBio RSII; Illumina	Acute25	
GCF_055361885.1	1	1	1896922	1896922	Complete Genome	99.49	0.48	PacBio RSII; Illumina	Acute21	
GCF_055361905.1	10	1	1862991	1862991	Chromosome	99.46	1.42	PacBio RSII; Illumina	Acute17	
GCF_055361925.1	9	1	1853040	1853040	Chromosome	99.61	0.09	PacBio RSII; Illumina	Acute15	
GCF_055361945.1	9	1	1852244	1852244	Chromosome	99.61		PacBio RSII; Illumina	Acute14	
GCF_055361965.1	9	1	1864208	1864208	Chromosome	98.88	0.78	PacBio RSII; Illumina	Acute12	
GCF_055361975.1	15	1	1788686	1788686	Complete Genome	99.32	0.34	PacBio RSII; Illumina	Acute11	
GCF_055362005.1	5	1	1747785	1747785	Complete Genome	98.1		PacBio RSII; Illumina	Acute9	
GCF_055362025.1	10	1	1754445	1754445	Complete Genome	99.33		PacBio RSII; Illumina	Acute8	
GCF_055362045.1	10	1	1836420	1836420	Complete Genome	99.47		PacBio RSII; Illumina	Acute6	
GCF_055362065.1	1	1	1897528	1897528	Complete Genome	99.49		PacBio RSII; Illumina	Acute5	
GCF_055362085.1	5	1	1730985	1730985	Complete Genome	98.1	0.29	PacBio RSII; Illumina	Acute2	
GCF_055362105.1	1	1	1893450	1893450	Chromosome	99.52	1.38	PacBio RSII; Illumina	Acute4	
GCF_055362125.1	1	1	1841636	1841636	Chromosome	99.52	0.18	PacBio RSII; Illumina	Acute1	
GCF_055378755.1	6	1	1820726	1820726	Complete Genome	99.4		Sequel IIe (PacBio)	D58	D58
GCF_056154105.1	10	36	99659	1819116	Scaffold	99.25		BGI	ZJ3023-M12	
GCF_056154185.1	10	45	98605	1848753	Scaffold	99.14		BGI	ZJ2503-M12	
GCF_056154285.1	10	41	99659	1848017	Scaffold	98.81		BGI	ZJ2374-M12	
GCF_056154405.1	10	39	99659	1844672	Scaffold	98.75		BGI	ZJ20spy7010-M12	
GCF_056154445.1	10	38	99643	1857821	Scaffold	98.75		BGI	ZJ20spy7004-M12	
GCF_056154465.1	10	42	99659	1850241	Scaffold	99.25		BGI	ZJ20spy7002-M12	
GCF_056154565.1	10	43	126507	1847981	Scaffold	99.25		BGI	ZJ19spy7059-M12	
GCF_056154585.1	10	44	99643	1847402	Scaffold	99.25		BGI	ZJ19spy7067-M12	
GCF_056154665.1	10	31	99481	1803666	Scaffold	98.36		BGI	ZJ19SPY7042-M12	
GCF_056154685.1	10	35	99579	1804638	Scaffold	98.72		BGI	ZJ19SPY7025-M12	
GCF_056154725.1	10	40	98335	1832163	Scaffold	98.14		BGI	ZJ19SPY7015-M12	
GCF_056154745.1	10	46	99627	1845676	Scaffold	99.14		BGI	YQ8-2012	
GCF_056154765.1	10	27	130291	1765935	Scaffold	99.18	0.09	BGI	ZJ19SPY7003-M12	
GCF_056154805.1	10	43	99659	1848883	Scaffold	99.14		BGI	YQ6-2012	
GCF_056154825.1	10	47	99678	1882657	Scaffold	99.47		BGI	YQ7-2012	
GCF_056154885.1	10	45	81317	1855810	Scaffold	99.25		BGI	YQ5-2012	
GCF_056154925.1	10	50	104937	1846516	Scaffold	99.25		BGI	XCN001-2013	
GCF_056154945.1	10	42	130872	1845636	Scaffold	98.58		BGI	XCB6-2012	
GCF_056155025.1	10	43	99659	1849082	Scaffold	99.14		BGI	XCB015-2014	
GCF_056156885.1	10	46	99627	1845324	Scaffold	99.25		BGI	XCB007-2014	
GCF_056156905.1	10	34	164447	1892989	Scaffold	99.47		BGI	XCB009-2014	
GCF_056156925.1	10	41	101259	1870310	Scaffold	99.46		BGI	XCB007-2013	
GCF_056156985.1	10	41	118849	1885640	Scaffold	99.47		BGI	XC5-2012	
GCF_056157025.1	10	43	99659	1849268	Scaffold	99.25		BGI	WTG19-2014	
GCF_056157045.1	10	32	99493	1801527	Scaffold	99.14		BGI	TZ36-2017	
GCF_056157065.1	11	21	188057	1791512	Scaffold	99.24		BGI	ZY28-2014-M1	
GCF_056157085.1	9	26	122737	1899755	Scaffold	99.72		BGI	ZJ7063-M1	
GCF_056157105.1	9	33	100157	1897245	Scaffold	99.39		BGI	ZJ7051-M1	
GCF_056157125.1	9	26	122737	1900590	Scaffold	99.72		BGI	ZJ7008-M1	
GCF_056157145.1	9	19	118716	1789581	Scaffold	99.72		BGI	ZJ3211-M1	
GCF_056157165.1	9	32	100019	1897470	Scaffold	99.71		BGI	ZJ2432-M1	
GCF_056157185.1	9	31	101245	1896009	Scaffold	99.67		BGI	ZJ2385-M1	
GCF_056157205.1	9	27	122692	1852656	Scaffold	99.49		BGI	ZJ2378-M1	
GCF_056157225.1	9	25	122911	1858203	Scaffold	99.72		BGI	ZJ20SPY7013-M1	
GCF_056157245.1	9	27	104587	1900502	Scaffold	99.72		BGI	ZJ20spy7011-M1	
GCF_056157265.1	9	26	122810	1858029	Scaffold	99.39		BGI	ZJ20spy7006-M1	
GCF_056157285.1	9	26	122897	1860381	Scaffold	99.39		BGI	ZJ20spy7005-M1	
GCF_056157305.1	9	26	123071	1861098	Scaffold	99.72		BGI	ZJ20spy7003-M1	
GCF_056157325.1	9	25	122737	1898465	Scaffold	99.72		BGI	ZJ20SPY7001-M1	
GCF_056157345.1	9	30	100019	1895175	Scaffold	99.72		BGI	ZJ19spy7071-M1	
GCF_056157365.1	9	26	122879	1900859	Scaffold	99.72		BGI	ZJ19SPY7070-M1	
GCF_056157385.1	9	25	122723	1858889	Scaffold	99.39		BGI	ZJ19spy7064-M1	
GCF_056157405.1	9	32	101247	1894140	Scaffold	99.72		BGI	ZJ19SPY7060-M1	
GCF_056157425.1	9	30	104242	1899245	Scaffold	98.61		BGI	ZJ19spy7044-M1	
GCF_056157445.1	9	25	122722	1887945	Scaffold	99.51		BGI	ZJ19SPY7052-M1	
GCF_056157465.1	9	27	122862	1862472	Scaffold	99.72		BGI	ZJ19spy7043-M1	
GCF_056157485.1	9	25	122687	1892489	Scaffold	99.72		BGI	ZJ19SPY7014-M1	
GCF_056157505.1	9	28	122516	1888602	Scaffold	99.72		BGI	YQ008-2014-M1	
GCF_056157525.1	9	29	123028	1901901	Scaffold	99.72		BGI	YQ005-2014-M1	
GCF_056157545.1	9	29	122680	1897752	Scaffold	99.72		BGI	YQ003-2014-M1	
GCF_056157565.1	9	31	123069	1904364	Scaffold	99.72		BGI	XCN1-2012-M1	
GCF_056157585.1	9	25	157158	1864746	Scaffold	99.72		BGI	XCN1005-2014-M1	
GCF_056157605.1	11	19	243631	1789306	Scaffold	99.24		BGI	XCB33-2012-M1	
GCF_056157625.1	9	23	157110	1860708	Scaffold	99.72		BGI	XCB049-2014-M1	
GCF_056157645.1	9	29	101228	1899417	Scaffold	99.72		BGI	XCB048-2014-M1	
GCF_056157665.1	9	24	157110	1859786	Scaffold	99.72		BGI	XCB027-2014-M1	
GCF_056157685.1	9	27	122911	1839626	Scaffold	99.06		BGI	XCB025-2014-M1	
GCF_056431965.1	12	18	179219	1841244	Scaffold	99.57		Illumina NovaSeq	NPDC045723	
GCF_056673365.1	4	1	1896592	1896592	Complete Genome	99.78		PacBio Sequel	2020E04-316	
GCF_056673385.1	4	1	1896601	1896601	Complete Genome	99.78		PacBio Sequel	2020C10-330	
GCF_056673395.1	4	1	1896577	1896577	Complete Genome	99.26		PacBio Sequel	2020C08-327	
GCF_056673405.1	4	1	1891370	1891370	Complete Genome	99.78		PacBio Sequel	2020N07-234	
GCF_056673415.1	4	1	1896586	1896586	Complete Genome	99.78		PacBio Sequel	2020C08-323	
GCF_056673425.1	4	1	1891458	1891458	Complete Genome	99.78		PacBio Sequel	2020S07-273	
GCF_056673435.1	4	1	1804100	1804100	Complete Genome	99.78		PacBio Sequel	2020S07-064	
GCF_056673445.1	4	1	1896578	1896578	Complete Genome	98.07		PacBio Sequel	2020C02-348	
GCF_056673455.1	4	1	1896597	1896597	Complete Genome	99.78		PacBio Sequel	2020C04-269	
GCF_056673465.1	4	1	1891476	1891476	Complete Genome	99.78		PacBio Sequel	2020C01-281	
GCF_056673475.1	4	1	1891468	1891468	Complete Genome	99.52		PacBio Sequel	2020C01-282	
GCF_056673485.1	4	1	1891469	1891469	Complete Genome	99.34		PacBio Sequel	2020C01-276	
GCF_056673495.1	4	1	1897484	1897484	Complete Genome	99.78		PacBio Sequel	2020C01-278	
GCF_056673505.1	4	1	1891461	1891461	Complete Genome	99.78		PacBio Sequel	2020S01-323	
GCF_056673515.1	4	1	1849822	1849822	Complete Genome	99.66		PacBio Sequel	2018E04-349	
GCF_056673525.1	4	1	1849807	1849807	Complete Genome	99.42		PacBio Sequel	2018E04-329	
GCF_056673545.1	4	1	1849816	1849816	Complete Genome	99.78		PacBio Sequel	2018E04-344	
GCF_056673555.1	12	1	1908191	1908191	Complete Genome	99.43	0.27	PacBio Sequel	2018E04-277	
GCF_056673565.1	4	1	1951124	1951124	Complete Genome	99.78		PacBio Sequel	2018N16-274	
GCF_056673575.1	4	1	1878665	1878665	Complete Genome	99.44	0.08	PacBio Sequel	2018C06-076	
GCF_056673585.1	4	1	1812489	1812489	Complete Genome	99.03		PacBio Sequel	2018S08-055	
GCF_056673595.1	4	1	1849800	1849800	Complete Genome	99.76		PacBio Sequel	2018N07-269	
GCF_056673605.1	4	1	1849835	1849835	Complete Genome	99.78		PacBio Sequel	2018C02-336	
GCF_056673615.1	4	1	2046542	2046542	Complete Genome	97.61		PacBio Sequel	2014N05-278	
GCF_056673625.1	4	1	1878707	1878707	Complete Genome	99.59	0.08	PacBio Sequel	2012N07-308	
GCF_056673635.1	4	1	1878716	1878716	Complete Genome	99.78	0.08	PacBio Sequel	2012N07-295	
GCF_056673645.1	4	1	1878632	1878632	Complete Genome	99.75	0.08	PacBio Sequel	2012N06-294	
GCF_056673655.1	4	1	1878639	1878639	Complete Genome	99.78	0.08	PacBio Sequel	2012N06-200	
GCF_056673665.1	4	1	1877809	1877809	Complete Genome	97.61		PacBio Sequel	2008S01-258	
GCF_056673675.1	4	1	1860701	1860701	Complete Genome	99.44	0.35	PacBio Sequel	985052	
GCF_056673685.1	10	1	1906155	1906155	Complete Genome	99.25		PacBio Sequel	2020C01-279	
GCF_056673695.1	10	1	1906904	1906904	Complete Genome	99.25		PacBio Sequel	2016C10-307	
GCF_056673705.1	10	1	1908221	1908221	Complete Genome	99.17		PacBio Sequel	2016C08-287	
GCF_056673715.1	10	1	1865178	1865178	Complete Genome	99.25		PacBio Sequel	2016N16-290	
GCF_056673725.1	10	1	1802781	1802781	Complete Genome	98.03		PacBio Sequel	2016N06-242	
GCF_056673735.1	10	1	1835104	1835104	Complete Genome	98.84		PacBio Sequel	2010N06-263	
GCF_056673745.1	10	1	1835501	1835501	Complete Genome	99.28		PacBio Sequel	2006C02-240	
GCF_056673755.1	10	1	1842423	1842423	Complete Genome	98.46		PacBio Sequel	2002C06-004	
GCF_056673765.1	10	1	1836023	1836023	Complete Genome	99.47		PacBio Sequel	984444	
GCF_056673775.1	4	2	1866401	1914325	Complete Genome	99.78	0.87	PacBio Sequel	2020N07-279	
GCF_056673785.1	4	2	1815520	1866815	Complete Genome	99.71	0.77	PacBio Sequel	2020N07-242	
GCF_056673795.1	10	2	1846429	1883508	Complete Genome	99.14	1.05	PacBio Sequel	2020E04-309	
GCF_056673805.1	4	2	1848638	1900358	Complete Genome	99.41	1.13	PacBio Sequel	2018N08-276	
GCF_056673815.1	10	2	1875036	1925437	Complete Genome	98.77	1.37	PacBio Sequel	2018C04-272	
GCF_056673825.1	10	4	1805888	1921729	Complete Genome	98.62	2.75	PacBio Sequel	201933	
GCF_056673835.1	4	1	1930109	1930109	Chromosome	99.61		PacBio Sequel	2020N05-284	
GCF_900087555.1	6	29	175666	1826913	Scaffold	99.16		illumina		H091220183-sc-2011-03-02-1091939
GCF_900231885.1	9	42	221888	1813097	Scaffold	99.72		Illumina		SPYOINFP20011
GCF_900474455.1	12	1	1906873	1906873	Complete Genome	99.12		PacBio	NCTC8225	
GCF_900474645.1	15	1	1921448	1921448	Complete Genome	98.11		PacBio	NCTC5163	
GCF_900474745.1	12	1	1808384	1808384	Complete Genome	99.0		PacBio	NCTC12059	
GCF_900474765.1	12	1	1862643	1862643	Complete Genome	99.12		PacBio	NCTC8314	
GCF_900474775.1	13	1	1744145	1744145	Complete Genome	98.33		PacBio	NCTC12066	
GCF_900474795.1	15	1	1921169	1921169	Complete Genome	98.11	0.33	PacBio	NCTC5164	
GCF_900474815.1	10	1	1797476	1797476	Complete Genome	99.47		PacBio	NCTC8300	
GCF_900474825.1	12	1	1756406	1756406	Complete Genome	99.28		PacBio	NCTC12045	
GCF_900474835.1	12	1	1808407	1808407	Complete Genome	99.18		PacBio	NCTC12069	
GCF_900474845.1	14	1	1848740	1848740	Complete Genome	99.62	0.27	PacBio	NCTC12057	
GCF_900474855.1	12	1	1864452	1864452	Complete Genome	99.31		PacBio	NCTC8328	
GCF_900474865.1	12	1	1768863	1768863	Complete Genome	98.09		PacBio	NCTC12058	
GCF_900474885.1	12	1	1875632	1875632	Complete Genome	99.52		PacBio	NCTC12046	
GCF_900474895.1	13	1	1845052	1845052	Complete Genome	99.54		PacBio	NCTC12696	
GCF_900474915.1	12	1	1793034	1793034	Complete Genome	99.26	0.15	PacBio	NCTC12048	
GCF_900474925.1	12	1	1851237	1851237	Complete Genome	98.85		PacBio	NCTC12050	
GCF_900474935.1	12	1	1805495	1805495	Complete Genome	99.33	0.08	PacBio	NCTC12047	
GCF_900474945.1	12	1	1786462	1786462	Complete Genome	99.7		PacBio	NCTC8316	
GCF_900474955.1	15	1	1921449	1921449	Complete Genome	98.11		PacBio	NCTC8332	
GCF_900474965.1	12	1	1796043	1796043	Complete Genome	98.78		PacBio	NCTC8231	
GCF_900474975.1	13	1	1857727	1857727	Complete Genome	99.66		PacBio	NCTC12052	
GCF_900474995.1	15	1	1838787	1838787	Complete Genome	96.53		PacBio	NCTC12840	
GCF_900475005.1	12	1	1827653	1827653	Complete Genome	98.57		PacBio	NCTC12062	
GCF_900475035.1	13	1	1746380	1746380	Complete Genome	98.63	0.4	PacBio	NCTC12064	
GCF_900475075.1	12	1	1898595	1898595	Complete Genome	98.46		PacBio	NCTC8195	
GCF_900475085.1	12	1	1915789	1915789	Complete Genome	99.25		PacBio	NCTC8324	
GCF_900475105.1	12	1	1766320	1766320	Complete Genome	98.85		PacBio	NCTC4001	
GCF_900475115.1	1	1	1891095	1891095	Complete Genome	98.99		PacBio	NCTC8326	
GCF_900475135.1	5	1	1752074	1752074	Complete Genome	98.0		PacBio	NCTC12067	
GCF_900475155.1	12	1	1751353	1751353	Complete Genome	99.61		PacBio	NCTC12068	
GCF_900475165.1	12	1	1931144	1931144	Complete Genome	99.01	0.08	PacBio	NCTC8230	
GCF_900475175.1	4	1	1906305	1906305	Complete Genome	99.61	0.27	PacBio	NCTC10876	
GCF_900475335.1	11	1	1829590	1829590	Complete Genome	97.12	0.08	PacBio	NCTC8322	
GCF_900475425.1	13	1	1764453	1764453	Complete Genome	99.2		PacBio	NCTC10874	
GCF_900475455.1	12	1	1908146	1908146	Complete Genome	99.36		PacBio	NCTC10879	
GCF_900475465.1	12	1	1811249	1811249	Complete Genome	99.76		PacBio	NCTC8224	
GCF_900475475.1	12	1	1847336	1847336	Complete Genome	99.01	0.08	PacBio	NCTC13738	
GCF_900475485.1	15	1	1863040	1863040	Complete Genome	99.45		PacBio	NCTC8320	
GCF_900475495.1	14	1	1934623	1934623	Complete Genome	99.62		PacBio	NCTC13742	
GCF_900475525.1	12	1	1846983	1846983	Complete Genome	98.58	0.17	PacBio	NCTC13743	
GCF_900475565.1	12	1	1785401	1785401	Complete Genome	99.67	0.04	PacBio	NCTC10880	
GCF_900475615.1	12	1	1822334	1822334	Complete Genome	99.49		PacBio	NCTC8227	
GCF_900475645.1	10	1	1795272	1795272	Complete Genome	99.47		PacBio	NCTC10085	
GCF_900475705.1	12	1	1808803	1808803	Complete Genome	99.6		PacBio	NCTC13744	
GCF_900475765.1	15	1	1913208	1913208	Complete Genome	98.81		PacBio	NCTC13736	
GCF_900475785.1	2	1	1789295	1789295	Complete Genome	99.69	0.08	PacBio	NCTC10877	
GCF_900475795.1	12	1	1790372	1790372	Complete Genome	99.32	0.08	PacBio	NCTC8304	
GCF_900475865.1	12	1	1785880	1785880	Complete Genome	98.64		PacBio	NCTC13739	
GCF_900475875.1	12	1	1819726	1819726	Complete Genome	99.59	0.4	PacBio	NCTC13737	
GCF_900475925.1	12	1	1756874	1756874	Complete Genome	99.34		PacBio	NCTC12044	
GCF_900475955.1	5	1	1834863	1834863	Complete Genome	98.1		PacBio	NCTC13745	
GCF_900475985.1	11	1	1891258	1891258	Complete Genome	99.04	0.22	PacBio	NCTC13751	
GCF_900476015.1	9	1	1796907	1796907	Complete Genome	99.72		PacBio	NCTC8370	
GCF_900608505.1	9	1	1877450	1877450	Complete Genome	99.63		illumina	S119	S119
GCF_900619585.1	9	1	1829838	1829838	Complete Genome	99.72		RS-II	5448	5448
GCF_900619595.1	1	1	1823047	1823047	Complete Genome	99.6		RS-II	SP444	SP444
GCF_900619605.1	9	1	1943295	1943295	Complete Genome	99.72		RS-II	HKU419	HKU419
GCF_900619615.1	14	1	1909563	1909563	Complete Genome	99.62		RS-II	PS003	PS003
GCF_900619625.1	3	1	1854706	1854706	Complete Genome	98.94		RS-II	PS006	PS006
GCF_900636485.1	12	1	1900813	1900813	Complete Genome	99.28	0.08	PacBio	NCTC8232	
GCF_900636725.1	15	1	1834173	1834173	Complete Genome	99.34	0.64	PacBio	NCTC8302	
GCF_900982655.1	12	10	287116	1826942	Scaffold	99.1		SLX	K3589	
GCF_900982675.1	12	19	210827	1752906	Scaffold	98.79		SLX	K3534	
GCF_900982695.1	12	15	239359	1756728	Scaffold	99.39	0.37	SLX	K5499	
GCF_900982705.1	12	11	398946	1778305	Scaffold	99.47	0.27	SLX	K6239	
GCF_900982745.1	12	13	264297	1761962	Scaffold	99.04		SLX	K5911	
GCF_900982765.1	12	11	449976	1775248	Scaffold	99.04		SLX	K9340	
GCF_900982775.1	12	15	237802	1739767	Scaffold	99.11		SLX	K9429	
GCF_900982805.1	12	10	260087	1767886	Scaffold	99.0	0.4	SLX	K9466	
GCF_900982825.1	12	13	223986	1773811	Scaffold	99.56	0.27	SLX	K6821	
GCF_900982835.1	12	9	457332	1743128	Scaffold	99.59		SLX	K12452	
GCF_900982855.1	12	9	473358	1800045	Scaffold	99.59		SLX	K12363	
GCF_900982865.1	12	13	358805	1751362	Scaffold	99.43	0.27	SLX	K16587	
GCF_900982875.1	12	9	446111	1757879	Scaffold	99.7		SLX	K16849	
GCF_900982885.1	12	12	468994	1768403	Scaffold	98.37	1.16	SLX	K19464	
GCF_900982895.1	12	14	244847	1751442	Scaffold	99.43	0.27	SLX	K35215	
GCF_900982905.1	13	16	228723	1789688	Scaffold	99.7		SLX	K39244	
GCF_900982925.1	12	10	505390	1790898	Scaffold	99.48	0.07	SLX	K17011	
GCF_900982935.1	12	15	262845	1761635	Scaffold	99.13	0.4	SLX	K10246	
GCF_900982965.1	12	15	213002	1798224	Scaffold	98.93	0.4	SLX	K9400	
GCF_900982975.1	12	13	220642	1741606	Scaffold	99.06		SLX	K9927	
GCF_900982985.1	12	10	241940	1768264	Scaffold	99.04		SLX	K9374	
GCF_900982995.1	12	10	517256	1824020	Scaffold	99.09	0.73	SLX	K9887	
GCF_900983005.1	12	21	179433	1910387	Scaffold	98.07	0.33	SLX	K13254	
GCF_900983015.1	13	16	243516	1783037	Scaffold	99.33	0.08	SLX	K51725	
GCF_900983025.1	12	6	475631	1802752	Scaffold	99.42	0.27	SLX	K12537	
GCF_900983035.1	12	13	917988	1807549	Scaffold	99.62		SLX	K21771	
GCF_900983045.1	12	12	342681	1817558	Scaffold	99.43	0.06	SLX	K19188	
GCF_900983055.1	12	12	410991	1738283	Scaffold	99.09	0.67	SLX	K17074	
GCF_900983085.1	12	14	241465	1750755	Scaffold	99.59		SLX	K42952	
GCF_900983095.1	12	12	243603	1819941	Scaffold	98.55		SLX	K43037	
GCF_900983105.1	13	20	239609	1860436	Scaffold	99.33		SLX	K50977	
GCF_900983115.1	12	12	245694	1784947	Scaffold	99.43	0.27	SLX	K7275	
GCF_900983155.1	12	19	177344	1806469	Scaffold	98.99		SLX	NS2985	
GCF_900983165.1	12	15	320921	1784018	Scaffold	99.53		SLX	NS2413	
GCF_900983205.1	12	11	287815	1788886	Scaffold	99.67		SLX	K7928	
GCF_900983225.1	12	27	153531	1858893	Scaffold	99.66		SLX	NS426	
GCF_900983245.1	14	15	228636	1764805	Scaffold	98.64	0.4	SLX	NS2188	
GCF_900983255.1	12	27	117040	1810865	Scaffold	98.61	0.4	SLX	GAS253	
GCF_900983265.1	12	22	134429	1715978	Scaffold	99.24	0.27	SLX	NS100	
GCF_900983275.1	14	17	258737	1799241	Scaffold	98.11		SLX	NS6902	
GCF_900983285.1	14	16	185439	1856414	Scaffold	98.64	0.07	SLX	NS3965	
GCF_900983295.1	13	19	170840	1747790	Scaffold	99.44		SLX	Dog48	
GCF_900983305.1	12	13	426901	1751357	Scaffold	98.99		SLX	NS38	
GCF_900983315.1	13	16	441076	1747745	Scaffold	99.44		SLX	NS27	
GCF_900983325.1	12	22	121533	1853228	Scaffold	99.04	0.72	SLX	NS5658	
GCF_900983335.1	13	14	242472	1800931	Scaffold	99.7		SLX	SDog	
GCF_900983365.1	13	12	258672	1759129	Scaffold	99.4		SLX	NS76	
GCF_900983375.1	12	14	426915	1751168	Scaffold	98.99		SLX	NS48	
GCF_900983405.1	13	19	239768	1800365	Scaffold	99.7		SLX	NS2361	
GCF_900983415.1	12	17	187773	1736934	Scaffold	99.47	0.08	SLX	YARC4	
GCF_900983425.1	7	15	243717	1808568	Scaffold	99.2		SLX	YARG2	
GCF_900983435.1	12	17	458843	1743892	Scaffold	99.0		SLX	YARG4	
GCF_900983455.1	12	17	250718	1791665	Scaffold	99.34		SLX	A1267	
GCF_900983465.1	14	21	181433	1801515	Scaffold	97.92	0.4	SLX	A1287	
GCF_900983505.1	10	21	188766	1763368	Scaffold	99.47		SLX	A1144	
GCF_900983525.1	12	29	122283	1879683	Scaffold	99.78	0.06	SLX	A997	
GCF_900983545.1	12	17	236663	1784417	Scaffold	99.44		SLX	A1013	
GCF_900983555.1	13	9	291127	1755603	Scaffold	99.7		SLX	A993	
GCF_900983575.1	12	15	234768	1783918	Scaffold	99.44		SLX	A980	
GCF_900983635.1	12	24	98940	1763715	Scaffold	98.86	0.4	SLX	A920	
GCF_900983675.1	12	15	234650	1826342	Scaffold	99.44		SLX	A905	
GCF_900983685.1	12	19	240317	1787089	Scaffold	99.78	0.4	SLX	A900	
GCF_900983695.1	12	28	98303	1804081	Scaffold	99.7	0.4	SLX	A904	
GCF_900983795.1	12	22	177810	1804559	Scaffold	99.51	0.72	SLX	A843	
GCF_900983815.1	12	24	280420	1918504	Scaffold	98.34	0.16	SLX	A848	
GCF_900983835.1	12	20	186021	1804814	Scaffold	99.51	0.72	SLX	A842	
GCF_900983845.1	12	10	307370	1808494	Scaffold	98.46		SLX	GAS13507	
GCF_900983855.1	13	24	112027	1759622	Scaffold	99.11		SLX	15GA0017	
GCF_900983865.1	8	21	194652	1831207	Scaffold	98.33		SLX	14GA0838	
GCF_900983885.1	13	31	121908	1787452	Scaffold	99.39		SLX	GAS131474	
GCF_900983895.1	13	17	242842	1830459	Scaffold	98.4	0.08	SLX	GAS131267	
GCF_900983915.1	13	26	211601	1798704	Scaffold	99.04	0.07	SLX	GAS131159	
GCF_900983945.1	12	27	189703	1871747	Scaffold	99.64	0.4	SLX	Bra005	
GCF_900984005.1	13	23	265739	1790572	Scaffold	99.33		SLX	14GA1137	
GCF_900984015.1	8	20	194647	1830957	Scaffold	98.33		SLX	14GA0830	
GCF_900984035.1	13	24	103704	1758184	Scaffold	98.78		SLX	14GA1137	
GCF_900984045.1	13	35	118105	1828457	Scaffold	99.39		SLX	GAS131465	
GCF_900984055.1	13	18	242854	1830148	Scaffold	98.4	0.08	SLX	GAS131252	
GCF_900984085.1	8	23	151559	1830348	Scaffold	98.33		SLX	14GA0829	
GCF_900984105.1	15	27	184521	1817427	Scaffold	98.81		SLX	Bra028	
GCF_900984125.1	13	27	94036	1758540	Scaffold	99.11		SLX	14GA1136	
GCF_900984135.1	13	18	242910	1761037	Scaffold	98.4	0.08	SLX	14GA1101	
GCF_900984145.1	12	19	254708	1769895	Scaffold	99.61		SLX	GAS13475	
GCF_900984155.1	8	22	194701	1830817	Scaffold	98.33		SLX	14GA0828	
GCF_900984165.1	12	10	307560	1844185	Scaffold	98.46	0.07	SLX	GAS131141	
GCF_900984175.1	5	17	163033	1753805	Scaffold	98.1		SLX	GAS131245	
GCF_900984205.1	12	19	312666	1759302	Scaffold	99.73		SLX	14GA0305	
GCF_900984225.1	12	13	280972	1759905	Scaffold	99.41		SLX	Bra016	
GCF_900984285.1	13	14	242856	1833381	Scaffold	98.4	0.08	SLX	14GA0287	
GCF_900984305.1	13	12	242844	1831781	Scaffold	98.4	0.08	SLX	GAS131223	
GCF_900984315.1	13	14	255919	1829683	Scaffold	98.4	0.08	SLX	GAS131111	
GCF_900984335.1	13	22	143670	1759200	Scaffold	99.11		SLX	14GA1005	
GCF_900984355.1	2	25	227850	1770797	Scaffold	98.97	0.08	SLX	14GA0809	
GCF_900984375.1	12	14	239952	1725524	Scaffold	99.73		SLX	14GA1044	
GCF_900984385.1	13	29	118149	1779528	Scaffold	99.73		SLX	GAS131348	
GCF_900984395.1	8	24	153544	1819664	Scaffold	98.33		SLX	GAS131222	
GCF_900984405.1	12	20	272499	1797618	Scaffold	99.36		SLX	GAS13450	
GCF_900984415.1	12	19	186330	1727776	Scaffold	99.14		SLX	GAS131103	
GCF_900984445.1	12	24	219539	1747437	Scaffold	98.44		SLX	GAS14274	
GCF_900984495.1	12	16	181441	1744583	Scaffold	99.21		SLX	GAS13426	
GCF_900984515.1	13	25	103715	1759084	Scaffold	99.11		SLX	GAS12394	
GCF_900984525.1	8	28	149262	1862405	Scaffold	98.33		SLX	GAS131204	
GCF_900984535.1	13	18	242835	1762332	Scaffold	98.4	0.08	SLX	GAS13118	
GCF_900984555.1	5	14	220426	1715020	Scaffold	98.1		SLX	GAS12118	
GCF_900984575.1	12	31	194555	1733495	Scaffold	99.01		SLX	GAS11549	
GCF_900984585.1	7	16	249645	1788363	Scaffold	99.31		SLX	GAS11291	
GCF_900984615.1	12	21	189655	1764230	Scaffold	99.67		SLX	GAS11117	
GCF_900984635.1	9	19	221559	1803450	Scaffold	99.72		SLX	GAS12233	
GCF_900984655.1	15	30	100114	1811936	Scaffold	98.81		SLX	Bra027	
GCF_900984665.1	1	26	162540	1883551	Scaffold	99.62		SLX	Bra015	
GCF_900984675.1	3	13	243450	1744451	Scaffold	99.44		SLX	Bra003	
GCF_900984685.1	11	30	277699	1866157	Scaffold	99.65	0.22	SLX	Bra050	
GCF_900984725.1	12	17	183992	1776236	Scaffold	99.47	0.08	SLX	Bra014	
GCF_900984765.1	15	32	113342	1780104	Scaffold	98.81		SLX	Bra013	
GCF_900984785.1	12	16	281948	1923116	Scaffold	99.2		SLX	Bra025	
GCF_900984805.1	13	20	239941	1842974	Scaffold	98.5	0.4	SLX	Bra049	
GCF_900984825.1	8	28	111795	1874056	Scaffold	98.69		SLX	Bra024	
GCF_900984885.1	10	29	178091	1798980	Scaffold	99.14		SLX	Bra011	
GCF_900984905.1	12	44	149559	1972739	Scaffold	98.67	0.17	SLX	Bra046	
GCF_900984935.1	12	16	267661	1853080	Scaffold	99.51		SLX	Bel005	
GCF_900984955.1	12	12	346979	1788426	Scaffold	99.56	0.03	SLX	A838	
GCF_900984965.1	1	26	163716	1889997	Scaffold	99.39		SLX	Bra033	
GCF_900984985.1	12	39	107559	1873607	Scaffold	99.15		SLX	Bra045	
GCF_900985035.1	9	14	270691	1835984	Scaffold	99.39		SLX	Bra032	
GCF_900985055.1	12	30	166196	1843505	Scaffold	99.57		SLX	Bel003	
GCF_900985085.1	12	15	234865	1783560	Scaffold	99.44		SLX	A837	
GCF_900985105.1	15	27	100116	1812489	Scaffold	98.81		SLX	Bra008	
GCF_900985135.1	12	22	247096	1746044	Scaffold	98.78	0.4	SLX	Bel002	
GCF_900985145.1	12	25	212646	1776071	Scaffold	99.62		SLX	Bra018	
GCF_900985155.1	12	32	162994	1720086	Scaffold	99.4		SLX	Bra006	
GCF_900985175.1	12	8	926744	1713394	Scaffold	99.58		SLX	A829	
GCF_900985195.1	2	20	227899	1765271	Scaffold	98.97	0.08	SLX	14GA0793	
GCF_900985215.1	13	13	275019	1782393	Scaffold	99.62		SLX	GAS14267	
GCF_900985245.1	12	19	186671	1705089	Scaffold	98.55	0.07	SLX	GAS13637	
GCF_900985265.1	8	20	194661	1829831	Scaffold	98.33		SLX	14GA0857	
GCF_900985275.1	13	38	130018	1851378	Scaffold	99.39		SLX	Bra041	
GCF_900985295.1	10	27	181956	1801565	Scaffold	99.37		SLX	GAS146	
GCF_900985305.1	5	28	163062	1802190	Scaffold	98.1		SLX	GAS131286	
GCF_900985315.1	12	18	174414	1766320	Scaffold	99.6		SLX	GAS14265	
GCF_900985335.1	13	20	179506	1750813	Scaffold	99.33		SLX	14GA0844	
GCF_900985355.1	9	19	221559	1802323	Scaffold	99.72		SLX	14GA1005	
GCF_900985365.1	13	19	143691	1715521	Scaffold	99.11		SLX	GAS13599	
GCF_900985595.1	12	15	189897	1742209	Scaffold	99.09	0.27	SLX	K9215	
GCF_900985795.1	12	15	239843	1734184	Scaffold	98.73		SLX	K3808	
GCF_900986065.1	12	15	243546	1757554	Scaffold	99.3		SLX	K6099	
GCF_900986195.1	12	26	122639	1859334	Scaffold	99.22		SLX	K9361	
GCF_900986205.1	12	17	243552	1759322	Scaffold	99.04		SLX	K10514	
GCF_900986715.1	12	17	168149	1760760	Scaffold	99.31		SLX	33122V1S2	
GCF_900987585.1	12	9	281015	1672206	Scaffold	99.08		SLX	31004V4S1	
GCF_900987645.1	13	35	240587	1807247	Scaffold	99.7	0.1	SLX	31037V4S1	
GCF_900988295.1	12	27	214665	1812261	Scaffold	98.96		SLX	31138V6S1	
GCF_900988315.1	13	33	238475	1796182	Scaffold	99.7	0.1	SLX	31049V5S2	
GCF_900988425.1	12	35	182438	1936394	Scaffold	98.24	0.13	SLX	41095V1S1	
GCF_900988755.1	12	24	202060	1782120	Scaffold	99.43		SLX	31028V2S1	
GCF_900988965.1	12	16	238435	1855997	Scaffold	98.51	0.27	SLX	K37698	
GCF_900989105.1	12	11	239641	1712975	Scaffold	99.52		SLX	K44896	
GCF_900989725.1	12	17	243424	1821641	Scaffold	99.11		SLX	K24635	
GCF_900989835.1	12	18	187922	1728837	Scaffold	99.39	0.4	SLX	K31063	
GCF_900990215.1	12	20	187007	1920333	Scaffold	99.39	0.49	SLX	K19376	
GCF_900990285.1	12	10	278656	1797596	Scaffold	99.49		SLX	K19952	
GCF_900990915.1	12	20	249761	1766300	Scaffold	99.12		SLX	NS415	
GCF_900990955.1	12	13	331933	1796292	Scaffold	98.35		SLX	NS452	
GCF_900990985.1	10	21	148357	1755736	Scaffold	99.47		SLX	HKU22	
GCF_900990995.1	10	20	226045	1897702	Scaffold	99.47		SLX	HKU165	
GCF_900991005.1	10	25	104016	1844013	Scaffold	99.03		SLX	HKU306	
GCF_900991015.1	10	32	120347	1881847	Scaffold	99.47		SLX	HKU360	
GCF_900991025.1	10	21	148573	1822029	Scaffold	99.03		SLX	HKU383	
GCF_900991035.1	10	22	217554	1836417	Scaffold	99.47		SLX	HKU388	
GCF_900991045.1	10	27	160307	1797244	Scaffold	99.47		SLX	HKU364	
GCF_900991055.1	10	24	168838	1897374	Scaffold	99.03	0.07	SLX	HKU397	
GCF_900991355.1	12	16	239771	1782509	Scaffold	99.68	0.4	SLX	NS2012	
GCF_900991805.1	12	24	181368	1881578	Scaffold	97.78		SLX	NS5427	
GCF_900991935.1	13	13	239764	1757837	Scaffold	99.4		SLX	NS5778	
GCF_900992105.1	12	20	183914	1791566	Scaffold	98.54		SLX	NS6263	
GCF_900992155.1	12	15	291651	1777629	Scaffold	99.36		SLX	NS6570	
GCF_900992345.1	12	22	134470	1862905	Scaffold	99.49	0.37	SLX	NS7168	
GCF_900992355.1	12	15	202119	1729106	Scaffold	99.66	0.4	SLX	NS7185	
GCF_900992665.1	12	24	213856	1805772	Scaffold	97.15		SLX	33181V1T1	
GCF_900993445.1	12	28	168059	1782899	Scaffold	99.54		SLX	31038V6S1	
GCF_900993495.1	13	17	242745	1762146	Scaffold	98.4	0.08	SLX	GAS131172	
GCF_900993505.1	5	14	168110	1692975	Scaffold	98.03		SLX	GAS131282	
GCF_900993515.1	13	27	103681	1796170	Scaffold	99.11		SLX	GAS13589	
GCF_900993535.1	12	13	239952	1724964	Scaffold	99.6		SLX	GAS14246	
GCF_900993545.1	12	29	162986	1781400	Scaffold	99.56	0.27	SLX	14GA0839	
GCF_900993575.1	4	29	252218	1895382	Scaffold	99.44	0.27	SLX	GAS131166	
GCF_900993595.1	12	24	132906	1765323	Scaffold	98.94		SLX	GAS11282	
GCF_900993605.1	13	20	218915	1737154	Scaffold	98.61	0.03	SLX	GAS10213	
GCF_900993615.1	13	20	223886	1736302	Scaffold	98.61	0.03	SLX	GAS1073	
GCF_900993695.1	12	45	106821	1871027	Scaffold	99.28		SLX	GAS10210	
GCF_900993705.1	12	16	186672	1705917	Scaffold	98.55	0.07	SLX	GAS1186	
GCF_900993715.1	12	21	184398	1772251	Scaffold	99.67		SLX	GAS1050	
GCF_900993735.1	12	18	227114	1707717	Scaffold	98.44	0.07	SLX	GAS09155	
GCF_900993745.1	12	12	287289	1799658	Scaffold	99.26		SLX	GAS07147	
GCF_900993765.1	12	17	222761	1793755	Scaffold	98.91		SLX	GAS0371	
GCF_900993775.1	13	27	153493	1709965	Scaffold	99.73		SLX	GAS10358	
GCF_900993795.1	13	19	223890	1736960	Scaffold	98.61	0.03	SLX	GAS1047	
GCF_900993815.1	12	15	143820	1758730	Scaffold	99.02		SLX	GAS09344	
GCF_900993825.1	14	17	204014	1790384	Scaffold	97.94	0.4	SLX	GAS13376	
GCF_900993845.1	12	17	222753	1794354	Scaffold	98.91		SLX	GAS0370	
GCF_900993855.1	12	20	184287	1780797	Scaffold	98.69		SLX	GAS05151	
GCF_900993875.1	13	20	170923	1748972	Scaffold	99.33		SLX	GAS1041	
GCF_900993895.1	14	19	162933	1744657	Scaffold	97.94	0.4	SLX	GAS09330	
GCF_900993925.1	13	14	274806	1750409	Scaffold	99.62		SLX	GAS06262	
GCF_900993935.1	13	30	118762	1749710	Scaffold	99.73		SLX	GAS05150	
GCF_900993965.1	13	37	118115	1828144	Scaffold	99.39		SLX	GAS10339	
GCF_900993995.1	9	16	307081	1803812	Scaffold	99.72		SLX	GAS06220	
GCF_900994005.1	9	15	308178	1805367	Scaffold	99.39		SLX	GAS05134	
GCF_900994015.1	12	15	267375	1769881	Scaffold	99.08		SLX	GAS10325	
GCF_900994045.1	12	15	222757	1794605	Scaffold	98.91		SLX	GAS0359	
GCF_900994055.1	13	16	242831	1799815	Scaffold	98.4	0.08	SLX	GAS0925	
GCF_900994085.1	12	12	287445	1755138	Scaffold	99.26		SLX	GAS0592	
GCF_900994095.1	9	15	276225	1804749	Scaffold	99.24		SLX	GAS06216	
GCF_900994105.1	13	16	171526	1721744	Scaffold	98.67		SLX	GAS0354	
GCF_900994115.1	13	20	242827	1762340	Scaffold	98.4	0.08	SLX	GAS10275	
GCF_900994145.1	12	13	203590	1760361	Scaffold	99.13		SLX	GAS10141	
GCF_900994155.1	12	18	281019	1851407	Scaffold	98.83		SLX	GAS12183	
GCF_900994215.1	13	17	243388	1800990	Scaffold	98.32	0.08	SLX	GAS10113	
GCF_900994225.1	13	19	218749	1735680	Scaffold	98.61	0.03	SLX	GAS09438	
GCF_900994235.1	2	15	227849	1767623	Scaffold	98.97	0.08	SLX	GAS09226	
GCF_900994245.1	12	9	339702	1779463	Scaffold	99.59		SLX	GAS1291	
GCF_900994265.1	12	22	186391	1722485	Scaffold	99.44		SLX	GAS0656	
GCF_900994295.1	12	22	184310	1737876	Scaffold	98.69		SLX	GAS03188	
GCF_900994305.1	12	30	239599	1732903	Scaffold	99.01		SLX	GAS10112	
GCF_900994345.1	13	20	218836	1737039	Scaffold	98.61	0.03	SLX	GAS11453	
GCF_900994385.1	13	11	171520	1719949	Scaffold	99.33		SLX	GAS09426	
GCF_900994395.1	13	28	118117	1707108	Scaffold	99.5		SLX	GAS08119	
GCF_900994425.1	12	18	203148	1776882	Scaffold	98.75	0.4	SLX	GAS02198	
GCF_900994495.1	12	20	184123	1769868	Scaffold	99.61		SLX	GAS1341	
GCF_900994505.1	8	22	195083	1824624	Scaffold	98.33		SLX	GAS12180	
GCF_900994515.1	8	20	195086	1784730	Scaffold	98.33		SLX	GAS1282	
GCF_900994555.1	12	19	186387	1727182	Scaffold	99.28		SLX	GAS1156	
GCF_900994565.1	12	22	254490	1773524	Scaffold	99.61		SLX	GAS13358	
GCF_900994575.1	13	19	242869	1761956	Scaffold	98.4	0.08	SLX	GAS1328	
GCF_900994595.1	13	28	153539	1706653	Scaffold	99.73		SLX	GAS12314	
GCF_900994605.1	6	30	176151	1864158	Scaffold	99.19		SLX	GAS12172	
GCF_900994615.1	13	30	120938	1787653	Scaffold	99.73		SLX	GAS11426	
GCF_900994625.1	12	14	188996	1727062	Scaffold	99.35	0.27	SLX	GAS1262	
GCF_900994645.1	12	16	186691	1709219	Scaffold	98.55	0.07	SLX	GAS1142	
GCF_900994705.1	6	30	206506	1863474	Scaffold	99.19		SLX	GAS12171	
GCF_900994735.1	13	25	103706	1792578	Scaffold	99.05	0.03	SLX	GAS1121	
GCF_900994765.1	9	16	276033	1804527	Scaffold	99.68		SLX	GAS12271	
GCF_900994785.1	12	30	240601	1734384	Scaffold	99.01		SLX	GAS1222	
GCF_900994805.1	2	18	227861	1766963	Scaffold	98.97	0.08	SLX	GAS1377	
GCF_900994835.1	13	17	242953	1761547	Scaffold	98.4	0.08	SLX	GAS13208	
GCF_900994855.1	12	18	170018	1726408	Scaffold	99.35	0.27	SLX	GAS12260	
GCF_900994865.1	13	25	103681	1759737	Scaffold	99.11		SLX	GAS11154	
GCF_900994875.1	13	13	242839	1795464	Scaffold	98.4	0.08	SLX	GAS10481	
GCF_900994885.1	12	16	289106	1756513	Scaffold	99.43		SLX	GAS1219	
GCF_900994915.1	13	13	242866	1795269	Scaffold	98.4	0.08	SLX	GAS11364	
GCF_900994925.1	13	25	103718	1757830	Scaffold	98.89		SLX	GAS12357	
GCF_900994975.1	6	28	206502	1862401	Scaffold	99.19		SLX	GAS1218	
GCF_900994995.1	13	25	103693	1759049	Scaffold	99.11		SLX	GAS12463	
GCF_900995005.1	13	18	242902	1762012	Scaffold	98.4	0.08	SLX	GAS12446	
GCF_900995045.1	12	13	203615	1764254	Scaffold	99.33		SLX	GAS12140	
GCF_900995055.1	13	14	242856	1763388	Scaffold	98.4	0.08	SLX	GAS10470	
GCF_900995085.1	2	14	246187	1768190	Scaffold	98.97	0.08	SLX	GAS11141	
GCF_900995105.1	12	16	203766	1764006	Scaffold	99.36		SLX	GAS1213	
GCF_900995125.1	12	15	248724	1727207	Scaffold	99.35	0.27	SLX	GAS12139	
GCF_900995135.1	13	27	103702	1793049	Scaffold	99.11	0.03	SLX	GAS11129	
GCF_900995145.1	8	22	195090	1784165	Scaffold	98.33		SLX	GAS12106	
GCF_900995155.1	12	15	203589	1763336	Scaffold	99.36		SLX	GAS10463	
GCF_900995165.1	12	17	243581	1737664	Scaffold	99.47	0.08	SLX	GAS11334	
GCF_900995175.1	13	18	218725	1737230	Scaffold	98.61	0.03	SLX	GAS10458	
GCF_900995195.1	10	24	183787	1800096	Scaffold	99.44		SLX	GAS09422	
GCF_900995215.1	12	18	167963	1766472	Scaffold	98.96		SLX	GAS10243	
GCF_900995225.1	12	10	294951	1754455	Scaffold	99.63		SLX	GAS0830	
GCF_900995235.1	12	12	260680	1716157	Scaffold	99.08		SLX	GAS09204	
GCF_900995245.1	13	19	218872	1737492	Scaffold	98.61	0.03	SLX	GAS11456	
GCF_900995255.1	12	14	203706	1764111	Scaffold	99.36		SLX	GAS10219	
GCF_900995285.1	12	24	186330	1723809	Scaffold	99.44		SLX	GAS066	
GCF_900995305.1	12	18	214968	1767110	Scaffold	98.96		SLX	GAS09418	
GCF_900995345.1	12	25	163690	1747922	Scaffold	99.58		SLX	NS83	
GCF_900995355.1	12	10	318365	1716672	Scaffold	99.08		SLX	GAS05207	
GCF_900995365.1	13	22	189917	1797891	Scaffold	99.58	0.03	SLX	NS803	
GCF_900995375.1	13	16	210530	1801575	Scaffold	97.86		SLX	NS80	
GCF_900995395.1	12	21	210741	1771070	Scaffold	99.0	0.1	SLX	NS564	
GCF_900995425.1	13	18	203757	1714753	Scaffold	96.76	0.1	SLX	NS3	
GCF_900995435.1	13	19	206934	1802953	Scaffold	99.59		SLX	NS50.1	
GCF_900995445.1	13	14	239780	1791693	Scaffold	99.4		SLX	NS1033	
GCF_900995525.1	12	18	203170	1741655	Scaffold	98.84	0.4	SLX	GAS0391	
GCF_900995585.1	13	15	267934	1753944	Scaffold	99.28		SLX	NS1133	
GCF_900995655.1	14	13	203762	1935870	Scaffold	98.66	0.27	SLX	NS1120	
GCF_900995685.1	4	18	262045	1864783	Scaffold	99.78	0.27	SLX	NS196	
GCF_900995695.1	11	25	169818	1941235	Scaffold	98.08	0.08	SLX	NS204	
GCF_900995725.1	12	22	217331	1745728	Scaffold	98.4		SLX	NS125	
GCF_900995735.1	13	17	247375	1756596	Scaffold	99.05	0.08	SLX	NS176	
GCF_900995755.1	12	22	150083	1791309	Scaffold	99.51		SLX	NS179	
GCF_900995765.1	13	12	241009	1707571	Scaffold	99.0		SLX	NS178	
GCF_900995785.1	13	16	286817	1755962	Scaffold	99.05	0.08	SLX	NS282	
GCF_900995795.1	13	20	187454	1744389	Scaffold	98.64		SLX	NS223	
GCF_900995805.1	7	20	243687	1815047	Scaffold	99.07		SLX	NS297	
GCF_900995815.1	12	11	219278	1741713	Scaffold	99.19		SLX	NS225	
GCF_900995825.1	12	14	262605	1770603	Scaffold	98.97		SLX	NS226	
GCF_900995835.1	13	13	189102	1758778	Scaffold	99.02		SLX	NS32	
GCF_900995845.1	12	22	173654	1692413	Scaffold	98.43		SLX	NS235	
GCF_900995855.1	12	22	162891	1795607	Scaffold	99.15		SLX	NS244	
GCF_900995865.1	12	22	148865	1728801	Scaffold	98.64		SLX	NS239	
GCF_900995875.1	12	22	142765	1885811	Scaffold	99.11	0.82	SLX	NS25	
GCF_900995895.1	12	19	230262	1741104	Scaffold	98.87		SLX	NS265	
GCF_900995905.1	12	14	239161	1714958	Scaffold	98.15	0.4	SLX	NS253	
GCF_901472475.1	15	1	1858171	1858171	Complete Genome	99.59		PacBio	NCTC8193	
GCF_901482645.1	7	1	1819777	1819777	Complete Genome	99.17		PacBio	NCTC8318	
GCF_965137295.1	9	40	216763	1870758	Scaffold	99.57		Illumina NextSeq 500	CIP56.41T	CIP56.41T
